garden-path,1 a,Die Musikerin vom Leipziger Sinfonieorchester*lobten*die Dirigenten*begeistert in der Pressekonferenz.
garden-path,1 b,Die Musikerinnen vom Leipziger Sinfonieorchester*lobten*den Dirigenten*begeistert in der Pressekonferenz.
garden-path,1 c,Die Musikerinnen vom Leipziger Sinfonieorchester*lobte*der Dirigent*begeistert in der Pressekonferenz.
garden-path,1 d,Die Musikerin vom Leipziger Sinfonieorchester*lobte*die Dirigenten*begeistert in der Pressekonferenz.
garden-path,2 a,Die Lektorin aus dem französischen Verlag*begrüßten*die Professoren*besonders herzlich.
garden-path,2 b,Die Lektorinnen aus dem französischen Verlag*begrüßten*den Professor*besonders herzlich.
garden-path,2 c,Die Lektorinnen aus dem französischen Verlag*begrüßte*der Professor*besonders herzlich.
garden-path,2 d,Die Lektorin aus dem französischen Verlag*begrüßte*die Professoren*besonders herzlich.
garden-path,3 a,Die Chefin aus dem Design-Büro*haben*die Kunden*kürzlich eingeladen.
garden-path,3 b,Die Chefinnen aus dem Design-Büro*haben*einen Kunden*kürzlich eingeladen.
garden-path,3 c,Die Chefinnen aus dem Design-Büro*hat*ein Kunde*kürzlich eingeladen.
garden-path,3 d,Die Chefin aus dem Design-Büro*hat*die Kunden*kürzlich eingeladen.
garden-path,4 a,Die Illustratorin von der Kunstakademie*lobten*die Verleger*einstimmig für ihr Engagement.
garden-path,4 b,Die Illustratorinnen von der Kunstakademie*lobten*den Verleger*einstimmig für sein Engagement.
garden-path,4 c,Die Illustratorinnen von der Kunstakademie*lobte*der Verleger*einstimmig für ihr Engagement.
garden-path,4 d,Die Illustratorin von der Kunstakademie*lobte*die Verleger*einstimmig für ihr Engagement.
garden-path,5 a,Die Kuratorin der Skulpturenabteilung*überzeugten*die Kritiker*durch ihr beeindruckendes Fachwissen.
garden-path,5 b,Die Kuratorinnen der Skulpturenabteilung*überzeugten*den Kritiker*durch ihr beeindruckendes Fachwissen.
garden-path,5 c,Die Kuratorinnen der Skulpturenabteilung*überzeugte*der Kritiker*durch sein beeindruckendes Fachwissen.
garden-path,5 d,Die Kuratorin der Skulpturenabteilung*überzeugte*die Kritiker*durch ihr beeindruckendes Fachwissen.
garden-path,6 a,Die Tierpflegerin bei den Elephanten*haben*die Schüler*aufmerksam beim Reinigen des Stalls beobachtet.
garden-path,6 b,Die Tierpflegerinnen bei den Elephanten*haben*einen Schüler*aufmerksam beim Reinigen des Stalls beobachtet.
garden-path,6 c,Die Tierpflegerinnen bei den Elephanten*hat*ein Schüler*aufmerksam beim Reinigen des Stalls beobachtet.
garden-path,6 d,Die Tierpflegerin bei den Elephanten*hat*die Schüler*aufmerksam beim Reinigen des Stalls beobachtet.
garden-path,7 a,Die Sammlerin aus der Wiener Kunststiftung*entdeckten*die Münzhändler*gleich nach der Eröffnung.
garden-path,7 b,Die Sammlerinnen aus der Wiener Kunststiftung*entdeckten*den Münzhändler*gleich nach der Eröffnung.
garden-path,7 c,Die Sammlerinnen aus der Wiener Kunststiftung*entdeckte*der Münzhändler*gleich nach der Eröffnung.
garden-path,7 d,Die Sammlerin aus der Wiener Kunststiftung*entdeckte*die Münzhändler*gleich nach der Eröffnung.
garden-path,8 a,Die Anwältin aus dem Büro am Marienplatz*kritisierten*die Richter*scharf nach der Urteilsverkündung.
garden-path,8 b,Die Anwältinnen aus dem Büro am Marienplatz*kritisierten*den Richter*scharf nach der Urteilsverkündung.
garden-path,8 c,Die Anwältinnen aus dem Büro am Marienplatz*kritisierte*der Richter*scharf nach der Urteilsverkündung.
garden-path,8 d,Die Anwältin aus dem Büro am Marienplatz*kritisierte*die Richter*scharf nach der Urteilsverkündung.
garden-path,9 a,Die Nachwuchsspielerin vom Hamburger Schachverein*besiegten*die Favoriten*souverän in der Finalrunde.
garden-path,9 b,Die Nachwuchsspielerinnen vom Hamburger Schachverein*besiegten*den Favoriten*souverän in der Finalrunde.
garden-path,9 c,Die Nachwuchsspielerinnen vom Hamburger Schachverein*besiegte*der Favorit*souverän in der Finalrunde.
garden-path,9 d,Die Nachwuchsspielerin vom Hamburger Schachverein*besiegte*die Favoriten*souverän in der Finalrunde.
garden-path,10 a,Die Rechtsanwältin aus der Kanzlei am Opernplatz*lobten*die Richter*nach dem Plädoyer für ihre akribische Vorbereitung.
garden-path,10 b,Die Rechtsanwältinnen aus der Kanzlei am Opernplatz*lobten*den Richter*nach dem Plädoyer für seine akribische Vorbereitung.
garden-path,10 c,Die Rechtsanwältinnen aus der Kanzlei am Opernplatz*lobte*der Richter*nach dem Plädoyer für ihre akribische Vorbereitung.
garden-path,10 d,Die Rechtsanwältin aus der Kanzlei am Opernplatz*lobte*die Richter*nach dem Plädoyer für ihre akribische Vorbereitung.
garden-path,11 a,Die Restauratorin aus dem Rijksmuseum*betrachteten*die ersten Besucher*neugierig während der Vorführung.
garden-path,11 b,Die Restauratorinnen aus dem Rijksmuseum*betrachteten*den ersten Besucher*neugierig während der Vorführung.
garden-path,11 c,Die Restauratorinnen aus dem Rijksmuseum*betrachtete*der ersten Besucher*neugierig während der Vorführung.
garden-path,11 d,Die Restauratorin aus dem Rijksmuseum*betrachtete*die ersten Besucher*neugierig während der Vorführung.
garden-path,12 a,Die Polizistin aus der Sondereinheit Delta*trafen*die Ermittler des Landeskriminalamtes*am Nachmittag in der Küche des Restaurants.
garden-path,12 b,Die Polizistinnen aus der Sondereinheit Delta*trafen*den Ermittler des Landeskriminalamtes*am Nachmittag in der Küche des Restaurants.
garden-path,12 c,Die Polizistinnen aus der Sondereinheit Delta*traf*der Ermittler des Landeskriminalamtes*am Nachmittag in der Küche des Restaurants.
garden-path,12 d,Die Polizistin aus der Sondereinheit Delta*traf*die Ermittler des Landeskriminalamtes*am Nachmittag in der Küche des Restaurants.
garden-path,13 a,Die Sängerin aus dem Ensemble der Mailänder Scala*begrüßten*die Regisseure*begeistert nach der Aufführung im Foyer.
garden-path,13 b,Die Sängerinnen aus dem Ensemble der Mailänder Scala*begrüßten*den Regisseur*begeistert nach der Aufführung im Foyer.
garden-path,13 c,Die Sängerinnen aus dem Ensemble der Mailänder Scala*begrüßte*der Regisseur*begeistert nach der Aufführung im Foyer.
garden-path,13 d,Die Sängerin aus dem Ensemble der Mailänder Scala*begrüßte*die Regisseure*begeistert nach der Aufführung im Foyer.
garden-path,14 a,Die Kuratorin aus dem Neuen Museum*überraschten*die Künstler*während der Ausstellungseröffnung am Abend.
garden-path,14 b,Die Kuratorinnen aus dem Neuen Museum*überraschten*einen Künstler*während der Ausstellungseröffnung am Abend.
garden-path,14 c,Die Kuratorinnen aus dem Neuen Museum*überraschte*ein Künstler*während der Ausstellungseröffnung am Abend.
garden-path,14 d,Die Kuratorin aus dem Neuen Museum*überraschte*die Künstler*während der Ausstellungseröffnung am Abend.
garden-path,15 a,Die Kuratorin vom Bauhaus-Archiv*bewunderten*die Kunststudenten*am Eröffnungsabend für die innovative Hängung der Exponate.
garden-path,15 b,Die Kuratorinnen vom Bauhaus-Archiv*bewunderten*einen Kunststudenten*am Eröffnungsabend für die innovative Hängung der Exponate.
garden-path,15 c,Die Kuratorinnen vom Bauhaus-Archiv*bewunderte*ein Kunststudent*am Eröffnungsabend für die innovative Hängung der Exponate.
garden-path,15 d,Die Kuratorin vom Bauhaus-Archiv*bewunderte*die Kunststudenten*am Eröffnungsabend für die innovative Hängung der Exponate.
garden-path,16 a,Die Stadträtin aus Schwabing*überzeugten*die besorgten Anwohner*nach der Sitzung mit sorgfältig ausgearbeiteten Plänen.
garden-path,16 b,Die Stadträtinnen aus Schwabing*überzeugten*einen besorgten Anwohner*nach der Sitzung mit sorgfältig ausgearbeiteten Plänen.
garden-path,16 c,Die Stadträtinnen aus Schwabing*überzeugte*ein besorgter Anwohner*nach der Sitzung mit sorgfältig ausgearbeiteten Plänen.
garden-path,16 d,Die Stadträtin aus Schwabing*überzeugte*die besorgten Anwohner*nach der Sitzung mit sorgfältig ausgearbeiteten Plänen.
garden-path,17 a,Die Übersetzerin aus Zürich*überraschten*die anwesenden Schriftsteller*nach der Lesung im Foyer.
garden-path,17 b,Die Übersetzerinnen aus Zürich*überraschten*den anwesenden Schriftsteller*nach der Lesung im Foyer.
garden-path,17 c,Die Übersetzerinnen aus Zürich*überraschte*der anwesende Schriftsteller*nach der Lesung im Foyer.
garden-path,17 d,Die Übersetzerin aus Zürich*überraschte*die anwesenden Schriftsteller*nach der Lesung im Foyer.
garden-path,18 a,Die Ingenieurin vom Planungsbüro Stuttgart*begrüßten*die Projektleiter*herzlich im Foyer.
garden-path,18 b,Die Ingenieurinnen vom Planungsbüro Stuttgart*begrüßten*den Projektleiter*herzlich im Foyer.
garden-path,18 c,Die Ingenieurinnen vom Planungsbüro Stuttgart*begrüßte*der Projektleiter*herzlich im Foyer.
garden-path,18 d,Die Ingenieurin vom Planungsbüro Stuttgart*begrüßte*die Projektleiter*herzlich im Foyer.
garden-path,19 a,Die Kriminalistin der Sondereinheit aus Rom*informierten*die Kommissare*ausführlich während der Sitzung.
garden-path,19 b,Die Kriminalistinnen der Sondereinheit aus Rom*informierten*den Kommissar*ausführlich während der Sitzung.
garden-path,19 c,Die Kriminalistinnen der Sondereinheit aus Rom*informierte*der Kommissar*ausführlich während der Sitzung.
garden-path,19 d,Die Kriminalistin der Sondereinheit aus Rom*informierte*die Kommissare*ausführlich während der Sitzung.
garden-path,20 a,Die Ozeanografin aus Kiel*berieten*die Kapitäne*sorgfältig über die geplante Route am frühen Morgen.
garden-path,20 b,Die Ozeanografinnen aus Kiel*berieten*den Kapitän*sorgfältig über die geplante Route am frühen Morgen.
garden-path,20 c,Die Ozeanografinnen aus Kiel*beriet*der Kapitän*sorgfältig über die geplante Route am frühen Morgen.
garden-path,20 d,Die Ozeanografin aus Kiel*beriet*die Kapitäne*sorgfältig über die geplante Route am frühen Morgen.
garden-path,21 a,Die Kamerafrau vom NDR*unterstützten*die Beleuchter*spontan beim Nachtdreh in den Hamburger Speicherstudios.
garden-path,21 b,Die Kamerafrauen vom NDR*unterstützten*den Beleuchter*spontan beim Nachtdreh in den Hamburger Speicherstudios.
garden-path,21 c,Die Kamerafrauen vom NDR*unterstützte*der Beleuchter*spontan beim Nachtdreh in den Hamburger Speicherstudios.
garden-path,21 d,Die Kamerafrau vom NDR*unterstützte*die Beleuchter*spontan beim Nachtdreh in den Hamburger Speicherstudios.
garden-path,22 a,Die Maklerin aus dem renommierten Stuttgarter Traditionsbüro*begleiteten*die Investoren*neugierig durch die denkmalgeschützten Räume am Charlottenplatz.
garden-path,22 b,Die Maklerinnen aus dem renommierten Stuttgarter Traditionsbüro*begleiteten*den Investor*neugierig durch die denkmalgeschützten Räume am Charlottenplatz.
garden-path,22 c,Die Maklerinnen aus dem renommierten Stuttgarter Traditionsbüro*begleitete*der Investor*neugierig durch die denkmalgeschützten Räume am Charlottenplatz.
garden-path,22 d,Die Maklerin aus dem renommierten Stuttgarter Traditionsbüro*begleitete*die Investoren*neugierig durch die denkmalgeschützten Räume am Charlottenplatz.
garden-path,23 a,Die Maklerin aus dem Münchener Familienunternehmen*informierten*die Gutachter*ausführlich über die Bausubstanz.
garden-path,23 b,Die Maklerinnen aus dem Münchener Familienunternehmen*informierten*den Gutachter*ausführlich über die Bausubstanz.
garden-path,23 c,Die Maklerinnen aus dem Münchener Familienunternehmen*informierte*der Gutachter*ausführlich über die Bausubstanz.
garden-path,23 d,Die Maklerin aus dem Münchener Familienunternehmen*informierte*die Gutachter*ausführlich über die Bausubstanz.
garden-path,24 a,Die Biologin vom Max-Planck-Institut*belehrten*die Botaniker*am Nachmittag ausführlich über die Besonderheiten der Pflanze.
garden-path,24 b,Die Biologinnen vom Max-Planck-Institut*belehrten*den Botaniker*am Nachmittag ausführlich über die Besonderheiten der Pflanze.
garden-path,24 c,Die Biologinnen vom Max-Planck-Institut*belehrte*der Botaniker*am Nachmittag ausführlich über die Besonderheiten der Pflanze.
garden-path,24 d,Die Biologin vom Max-Planck-Institut*belehrte*die Botaniker*am Nachmittag ausführlich über die Besonderheiten der Pflanze.
garden-path,25 a,Die Restauratorin aus dem British Museum*informierten*die angereisten Numismatiker*eingehend am Tag der Anlieferung.
garden-path,25 b,Die Restauratorinnen aus dem British Museum*informierten*den angereisten Numismatiker*eingehend am Tag der Anlieferung.
garden-path,25 c,Die Restauratorinnen aus dem British Museum*informierte*der angereiste Numismatiker*eingehend am Tag der Anlieferung.
garden-path,25 d,Die Restauratorin aus dem British Museum*informierte*die angereisten Numismatiker*eingehend am Tag der Anlieferung.
agree-obj,"1 sg, gram",der Mann die Frau gestern heimlich beobachtete während er auf der Bank im Park saß.
agree-obj,"1 sg, ungram",der Mann die Frau gestern heimlich beobachteten während er auf der Bank im Park saß.
agree-obj,"1 pl, gram",der Mann die Frauen gestern heimlich beobachtete während er auf der Bank im Park saß.
agree-obj,"1 pl, ungram",der Mann die Frauen gestern heimlich beobachteten während er auf der Bank im Park saß.
agree-obj,"2 sg, gram",der Autor die Verlegerin vorhin absichtlich provozierte als er den Abgabetermin des Buches verschob.
agree-obj,"2 sg, ungram",der Autor die Verlegerin vorhin absichtlich provozierten als er den Abgabetermin des Buches verschob.
agree-obj,"2 pl, gram",der Autor die Verlegerinnen vorhin absichtlich provozierte als er den Abgabetermin des Buches verschob.
agree-obj,"2 pl, ungram",der Autor die Verlegerinnen vorhin absichtlich provozierten als er den Abgabetermin des Buches verschob.
agree-obj,"3 sg, gram",der Bäcker die Konditorin neulich sehr schockierte als er Zucker mit Salz verwechselte.
agree-obj,"3 sg, ungram",der Bäcker die Konditorin neulich sehr schockierten als er Zucker mit Salz verwechselte.
agree-obj,"3 pl, gram",der Bäcker die Konditorinnen neulich sehr schockierte als er Zucker mit Salz verwechselte.
agree-obj,"3 pl, ungram",der Bäcker die Konditorinnen neulich sehr schockierten als er Zucker mit Salz verwechselte.
agree-obj,"4 sg, gram",der Architekt die Investorin heute erneut drängte da der Baubeginn immer näher rückte.
agree-obj,"4 sg, ungram",der Architekt die Investorin heute erneut drängten da der Baubeginn immer näher rückte.
agree-obj,"4 pl, gram",der Architekt die Investorinnen heute erneut drängte da der Baubeginn immer näher rückte.
agree-obj,"4 pl, ungram",der Architekt die Investorinnen heute erneut drängten da der Baubeginn immer näher rückte.
agree-obj,"5 sg, gram",der Ringer die Fechterin einst behutsam ermutigte da sie ihre Motivation zu verlieren drohte.
agree-obj,"5 sg, ungram",der Ringer die Fechterin einst behutsam ermutigten da sie ihre Motivation zu verlieren drohte.
agree-obj,"5 pl, gram",der Ringer die Fechterinnen einst behutsam ermutigte da sie ihre Motivation zu verlieren drohten.
agree-obj,"5 pl, ungram",der Ringer die Fechterinnen einst behutsam ermutigten da sie ihre Motivation zu verlieren drohten.
agree-obj,"6 sg, gram",der Gitarrist die Sängerin schließlich sanft überredete da sie die Probe abbrechen wollte.
agree-obj,"6 sg, ungram",der Gitarrist die Sängerin schließlich sanft überredeten da sie die Probe abbrechen wollte.
agree-obj,"6 pl, gram",der Gitarrist die Sängerinnen schließlich sanft überredete da sie die Probe abbrechen wollten.
agree-obj,"6 pl, ungram",der Gitarrist die Sängerinnen schließlich sanft überredeten da sie die Probe abbrechen wollten.
agree-obj,"7 sg, gram",der Regisseur die Produzentin eben ernsthaft anflehte um an der Filmpremiere teilnehmen zu können.
agree-obj,"7 sg, ungram",der Regisseur die Produzentin eben ernsthaft anflehten um an der Filmpremiere teilnehmen zu können.
agree-obj,"7 pl, gram",der Regisseur die Produzentinnen eben ernsthaft anflehte um an der Filmpremiere teilnehmen zu können.
agree-obj,"7 pl, ungram",der Regisseur die Produzentinnen eben ernsthaft anflehten um an der Filmpremiere teilnehmen zu können.
agree-obj,"8 sg, gram",der Bruder die Schwester letztendlich stürmisch weckte als die Eltern verschliefen.
agree-obj,"8 sg, ungram",der Bruder die Schwester letztendlich stürmisch weckten als die Eltern verschliefen.
agree-obj,"8 pl, gram",der Bruder die Schwestern letztendlich stürmisch weckte als die Eltern verschliefen.
agree-obj,"8 pl, ungram",der Bruder die Schwestern letztendlich stürmisch weckten als die Eltern verschliefen.
agree-obj,"9 sg, gram",der Redakteur die Journalistin tatsächlich freiwillig begleitete als das Meeting anstand.
agree-obj,"9 sg, ungram",der Redakteur die Journalistin tatsächlich freiwillig begleiteten als das Meeting anstand.
agree-obj,"9 pl, gram",der Redakteur die Journalistinnen tatsächlich freiwillig begleitete als das Meeting anstand.
agree-obj,"9 pl, ungram",der Redakteur die Journalistinnen tatsächlich freiwillig begleiteten als das Meeting anstand.
agree-obj,"10 sg, gram",der Ingenieur die Physikerin damals dennoch umstimmte obwohl sie die besseren Argumente besaß.
agree-obj,"10 sg, ungram",der Ingenieur die Physikerin damals dennoch umstimmten obwohl sie die besseren Argumente besaß.
agree-obj,"10 pl, gram",der Ingenieur die Physikerinnen damals dennoch umstimmte obwohl sie die besseren Argumente besaßen.
agree-obj,"10 pl, ungram",der Ingenieur die Physikerinnen damals dennoch umstimmten obwohl sie die besseren Argumente besaßen.
agree-obj,"11 sg, gram",der Übersetzer die Lektorin vorhin stark begeisterte als er seine Arbeit präsentierte.
agree-obj,"11 sg, ungram",der Übersetzer die Lektorin vorhin stark begeisterten als er seine Arbeit präsentierte.
agree-obj,"11 pl, gram",der Übersetzer die Lektorinnen vorhin stark begeisterte als er seine Arbeit präsentierte.
agree-obj,"11 pl, ungram",der Übersetzer die Lektorinnen vorhin stark begeisterten als er seine Arbeit präsentierte.
agree-obj,"12 sg, gram",der Detektiv die Informantin gerne abermals befragte um seinen Auftrag zu erfüllen.
agree-obj,"12 sg, ungram",der Detektiv die Informantin gerne abermals befragten um seinen Auftrag zu erfüllen.
agree-obj,"12 pl, gram",der Detektiv die Informantinnen gerne abermals befragte um seinen Auftrag zu erfüllen.
agree-obj,"12 pl, ungram",der Detektiv die Informantinnen gerne abermals befragten um seinen Auftrag zu erfüllen.
agree-obj,"13 sg, gram",der Doktorand die Studentin sogar immens beeindruckte als er das komplizierte Thema veranschaulichte.
agree-obj,"13 sg, ungram",der Doktorand die Studentin sogar immens beeindruckten als er das komplizierte Thema veranschaulichte.
agree-obj,"13 pl, gram",der Doktorand die Studentinnen sogar immens beeindruckte als er das komplizierte Thema veranschaulichte.
agree-obj,"13 pl, ungram",der Doktorand die Studentinnen sogar immens beeindruckten als er das komplizierte Thema veranschaulichte.
agree-obj,"14 sg, gram",der Lieferant die Bäuerin wieder bewusst betrog als er zu hohe Preise berechnete.
agree-obj,"14 sg, ungram",der Lieferant die Bäuerin wieder bewusst betrogen als er zu hohe Preise berechnete.
agree-obj,"14 pl, gram",der Lieferant die Bäuerinnen wieder bewusst betrog als er zu hohe Preise berechnete.
agree-obj,"14 pl, ungram",der Lieferant die Bäuerinnen wieder bewusst betrogen als er zu hohe Preise berechnete.
agree-obj,"15 sg, gram",der Hausmeister die Lehrerin wohl lange suchte um über die beschmutzte Turnhalle zu reden.
agree-obj,"15 sg, ungram",der Hausmeister die Lehrerin wohl lange suchten um über die beschmutzte Turnhalle zu reden.
agree-obj,"15 pl, gram",der Hausmeister die Lehrerinnen wohl lange suchte um über die beschmutzte Turnhalle zu reden.
agree-obj,"15 pl, ungram",der Hausmeister die Lehrerinnen wohl lange suchten um über die beschmutzte Turnhalle zu reden.
agree-obj,"16 sg, gram",der Richter die Anwältin natürlich vorerst benötigte um den Verbrecher verurteilen zu können.
agree-obj,"16 sg, ungram",der Richter die Anwältin natürlich vorerst benötigten um den Verbrecher verurteilen zu können.
agree-obj,"16 pl, gram",der Richter die Anwältinnen natürlich vorerst benötigte um den Verbrecher verurteilen zu können.
agree-obj,"16 pl, ungram",der Richter die Anwältinnen natürlich vorerst benötigten um den Verbrecher verurteilen zu können.
agree-obj,"17 sg, gram",der Clown die Artistin gar bitter verunsicherte als er über ihre neue Nummer lachte.
agree-obj,"17 sg, ungram",der Clown die Artistin gar bitter verunsicherten als er über ihre neue Nummer lachte.
agree-obj,"17 pl, gram",der Clown die Artistinnen gar bitter verunsicherte als er über ihre neue Nummer lachte.
agree-obj,"17 pl, ungram",der Clown die Artistinnen gar bitter verunsicherten als er über ihre neue Nummer lachte.
agree-obj,"18 sg, gram",der Gast die Kellnerin eigentlich äußerst verärgerte als er sich über das Essen beschwerte.
agree-obj,"18 sg, ungram",der Gast die Kellnerin eigentlich äußerst verärgerten als er sich über das Essen beschwerte.
agree-obj,"18 pl, gram",der Gast die Kellnerinnen eigentlich äußerst verärgerte als er sich über das Essen beschwerte.
agree-obj,"18 pl, ungram",der Gast die Kellnerinnen eigentlich äußerst verärgerten als er sich über das Essen beschwerte.
agree-obj,"19 sg, gram",der Choreograph die Tänzerin immerhin herzlich beglückwünschte als sie den Wettbewerb gewann.
agree-obj,"19 sg, ungram",der Choreograph die Tänzerin immerhin herzlich beglückwünschten als sie den Wettbewerb gewann.
agree-obj,"19 pl, gram",der Choreograph die Tänzerinnen immerhin herzlich beglückwünschte als sie den Wettbewerb gewannen.
agree-obj,"19 pl, ungram",der Choreograph die Tänzerinnen immerhin herzlich beglückwünschten als sie den Wettbewerb gewannen.
agree-obj,"20 sg, gram",der Busfahrer die Schülerin letztens dreist duzte obwohl sie bereits in die Oberstufe ging
agree-obj,"20 sg, ungram",der Busfahrer die Schülerin letztens dreist duzten obwohl sie bereits in die Oberstufe ging
agree-obj,"20 pl, gram",der Busfahrer die Schülerinnen letztens dreist duzte obwohl sie bereits in die Oberstufe gingen
agree-obj,"20 pl, ungram",der Busfahrer die Schülerinnen letztens dreist duzten obwohl sie bereits in die Oberstufe gingen
agree-obj,"21 sg, gram",der Abgesandte die Diplomatin zunächst höflich einbestellte um sich für den Fauxpas zu entschuldigen.
agree-obj,"21 sg, ungram",der Abgesandte die Diplomatin zunächst höflich einbestellten um sich für den Fauxpas zu entschuldigen.
agree-obj,"21 pl, gram",der Abgesandte die Diplomatinnen zunächst höflich einbestellte um sich für den Fauxpas zu entschuldigen.
agree-obj,"21 pl, ungram",der Abgesandte die Diplomatinnen zunächst höflich einbestellten um sich für den Fauxpas zu entschuldigen.
agree-obj,"22 sg, gram",der Priester die Nonne gestern versehentlich erschreckte als er sie beim Gebet überraschte.
agree-obj,"22 sg, ungram",der Priester die Nonne gestern versehentlich erschreckten als er sie beim Gebet überraschte.
agree-obj,"22 pl, gram",der Priester die Nonnen gestern versehentlich erschreckte als er sie beim Gebet überraschte.
agree-obj,"22 pl, ungram",der Priester die Nonnen gestern versehentlich erschreckten als er sie beim Gebet überraschte.
agree-obj,"23 sg, gram",der Polizist die Demonstrantin neulich provokativ verhöhnte woraufhin der Konflikt eskalierte.
agree-obj,"23 sg, ungram",der Polizist die Demonstrantin neulich provokativ verhöhnten woraufhin der Konflikt eskalierte.
agree-obj,"23 pl, gram",der Polizist die Demonstrantinnen neulich provokativ verhöhnte woraufhin der Konflikt eskalierte.
agree-obj,"23 pl, ungram",der Polizist die Demonstrantinnen neulich provokativ verhöhnten woraufhin der Konflikt eskalierte.
agree-obj,"24 sg, gram",der Gärtner die Reinigungskraft heute gutmütig beruhigte nachdem diese die teure Lampe umgestoßen hatte.
agree-obj,"24 sg, ungram",der Gärtner die Reinigungskraft heute gutmütig beruhigten nachdem diese die teure Lampe umgestoßen hatte.
agree-obj,"24 pl, gram",der Gärtner die Reinigungskräfte heute gutmütig beruhigte nachdem diese die teure Lampe umgestoßen hatten.
agree-obj,"24 pl, ungram",der Gärtner die Reinigungskräfte heute gutmütig beruhigten nachdem diese die teure Lampe umgestoßen hatten.
agree-obj,"25 sg, gram",der Vorsitzende die Sekretärin eben kaum wahrnahm als sie den Besprechungsraum vorbereitete.
agree-obj,"25 sg, ungram",der Vorsitzende die Sekretärin eben kaum wahrnahmen als sie den Besprechungsraum vorbereitete.
agree-obj,"25 pl, gram",der Vorsitzende die Sekretärinnen eben kaum wahrnahm als sie den Besprechungsraum vorbereiteten.
agree-obj,"25 pl, ungram",der Vorsitzende die Sekretärinnen eben kaum wahrnahmen als sie den Besprechungsraum vorbereiteten.
agree-obj,"26 sg, gram",der Verkäufer die Kundin letztens schroff maßregelte als sie mit zu vielen Stücken in die Umkleide ging.
agree-obj,"26 sg, ungram",der Verkäufer die Kundin letztens schroff maßregelten als sie mit zu vielen Stücken in die Umkleide ging.
agree-obj,"26 pl, gram",der Verkäufer die Kundinnen letztens schroff maßregelte als sie mit zu vielen Stücken in die Umkleide gingen.
agree-obj,"26 pl, ungram",der Verkäufer die Kundinnen letztens schroff maßregelten als sie mit zu vielen Stücken in die Umkleide gingen.
agree-obj,"27 sg, gram",der Chauffeur die Managerin gerne selbstlos beschützte als die zwielichtige Gestalt ins Auto sprang.
agree-obj,"27 sg, ungram",der Chauffeur die Managerin gerne selbstlos beschützten als die zwielichtige Gestalt ins Auto sprang.
agree-obj,"27 pl, gram",der Chauffeur die Managerinnen gerne selbstlos beschützte als die zwielichtige Gestalt ins Auto sprang.
agree-obj,"27 pl, ungram",der Chauffeur die Managerinnen gerne selbstlos beschützten als die zwielichtige Gestalt ins Auto sprang.
agree-obj,"28 sg, gram",der Landrat die Wahlhelferin einst diskret kontaktierte als sich der Verdacht des Wahlbetrugs erhärtete.
agree-obj,"28 sg, ungram",der Landrat die Wahlhelferin einst diskret kontaktierten als sich der Verdacht des Wahlbetrugs erhärtete.
agree-obj,"28 pl, gram",der Landrat die Wahlhelferinnen einst diskret kontaktierte als sich der Verdacht des Wahlbetrugs erhärtete.
agree-obj,"28 pl, ungram",der Landrat die Wahlhelferinnen einst diskret kontaktierten als sich der Verdacht des Wahlbetrugs erhärtete.
agree-obj,"29 sg, gram",der Designer die Schneiderin zunächst etwas irritierte als er die Nähte an dem Kleid bemängelte.
agree-obj,"29 sg, ungram",der Designer die Schneiderin zunächst etwas irritierten als er die Nähte an dem Kleid bemängelte.
agree-obj,"29 pl, gram",der Designer die Schneiderinnen zunächst etwas irritierte als er die Nähte an dem Kleid bemängelte.
agree-obj,"29 pl, ungram",der Designer die Schneiderinnen zunächst etwas irritierten als er die Nähte an dem Kleid bemängelte.
agree-obj,"30 sg, gram",der Azubi die Erzieherin schließlich nochmals verfluchte als er Überstunden machen musste.
agree-obj,"30 sg, ungram",der Azubi die Erzieherin schließlich nochmals verfluchten als er Überstunden machen musste.
agree-obj,"30 pl, gram",der Azubi die Erzieherinnen schließlich nochmals verfluchte als er Überstunden machen musste.
agree-obj,"30 pl, ungram",der Azubi die Erzieherinnen schließlich nochmals verfluchten als er Überstunden machen musste.
agree-obj,"31 sg, gram",der Intendant die Assistentin eigentlich vehement nervte als er seine Meinung mehrfach änderte.
agree-obj,"31 sg, ungram",der Intendant die Assistentin eigentlich vehement nervten als er seine Meinung mehrfach änderte.
agree-obj,"31 pl, gram",der Intendant die Assistentinnen eigentlich vehement nervte als er seine Meinung mehrfach änderte.
agree-obj,"31 pl, ungram",der Intendant die Assistentinnen eigentlich vehement nervten als er seine Meinung mehrfach änderte.
agree-obj,"32 sg, gram",der Alkoholiker die Wirtin damals unbemerkt verfolgte um an Spirituosen zu kommen.
agree-obj,"32 sg, ungram",der Alkoholiker die Wirtin damals unbemerkt verfolgten um an Spirituosen zu kommen.
agree-obj,"32 pl, gram",der Alkoholiker die Wirtinnen damals unbemerkt verfolgte um an Spirituosen zu kommen.
agree-obj,"32 pl, ungram",der Alkoholiker die Wirtinnen damals unbemerkt verfolgten um an Spirituosen zu kommen.
agree-obj,"33 sg, gram",der Sanitäter die Soldatin wohl besonders enttäuschte als er den Kameraden nicht retten konnte.
agree-obj,"33 sg, ungram",der Sanitäter die Soldatin wohl besonders enttäuschten als er den Kameraden nicht retten konnte.
agree-obj,"33 pl, gram",der Sanitäter die Soldatinnen wohl besonders enttäuschte als er den Kameraden nicht retten konnte.
agree-obj,"33 pl, ungram",der Sanitäter die Soldatinnen wohl besonders enttäuschten als er den Kameraden nicht retten konnte.
agree-obj,"34 sg, gram",der Makler die Bewerberin tatsächlich böse beleidigte als sie zu viele Ansprüche an die Wohnung stellte.
agree-obj,"34 sg, ungram",der Makler die Bewerberin tatsächlich böse beleidigten als sie zu viele Ansprüche an die Wohnung stellte.
agree-obj,"34 pl, gram",der Makler die Bewerberinnen tatsächlich böse beleidigte als sie zu viele Ansprüche an die Wohnung stellten.
agree-obj,"34 pl, ungram",der Makler die Bewerberinnen tatsächlich böse beleidigten als sie zu viele Ansprüche an die Wohnung stellten.
agree-obj,"35 sg, gram",der Tätowierer die Piercerin sogar heftig kritisierte als sie ihre Arbeitsweise beschrieb.
agree-obj,"35 sg, ungram",der Tätowierer die Piercerin sogar heftig kritisierten als sie ihre Arbeitsweise beschrieb.
agree-obj,"35 pl, gram",der Tätowierer die Piercerinnen sogar heftig kritisierte als sie ihre Arbeitsweise beschrieben.
agree-obj,"35 pl, ungram",der Tätowierer die Piercerinnen sogar heftig kritisierten als sie ihre Arbeitsweise beschrieben.
agree-obj,"36 sg, gram",der Informatiker die Programmiererin letztendlich doch unterstützte um das Projekt erfolgreich abzuschließen.
agree-obj,"36 sg, ungram",der Informatiker die Programmiererin letztendlich doch unterstützten um das Projekt erfolgreich abzuschließen.
agree-obj,"36 pl, gram",der Informatiker die Programmiererinnen letztendlich doch unterstützte um das Projekt erfolgreich abzuschließen.
agree-obj,"36 pl, ungram",der Informatiker die Programmiererinnen letztendlich doch unterstützten um das Projekt erfolgreich abzuschließen.
agree-obj,"37 sg, gram",der Historiker die Zeitzeugin gar schlimm demütigte als er ihren Schilderungen nicht glaubte.
agree-obj,"37 sg, ungram",der Historiker die Zeitzeugin gar schlimm demütigten als er ihren Schilderungen nicht glaubte.
agree-obj,"37 pl, gram",der Historiker die Zeitzeuginnen gar schlimm demütigte als er ihren Schilderungen nicht glaubte.
agree-obj,"37 pl, ungram",der Historiker die Zeitzeuginnen gar schlimm demütigten als er ihren Schilderungen nicht glaubte.
agree-obj,"38 sg, gram",der Dirigent die Sopranistin natürlich innig liebte da niemand das Stück so sang wie sie.
agree-obj,"38 sg, ungram",der Dirigent die Sopranistin natürlich innig liebten da niemand das Stück so sang wie sie.
agree-obj,"38 pl, gram",der Dirigent die Sopranistinnen natürlich innig liebte da niemand das Stück so sang wie sie.
agree-obj,"38 pl, ungram",der Dirigent die Sopranistinnen natürlich innig liebten da niemand das Stück so sang wie sie.
agree-obj,"39 sg, gram",der Friseur die Preisträgerin wieder einmal bestach damit sie ihn wärmstens weiterempfiehlt.
agree-obj,"39 sg, ungram",der Friseur die Preisträgerin wieder einmal bestachen damit sie ihn wärmstens weiterempfiehlt.
agree-obj,"39 pl, gram",der Friseur die Preisträgerinnen wieder einmal bestach damit sie ihn wärmstens weiterempfiehltn.
agree-obj,"39 pl, ungram",der Friseur die Preisträgerinnen wieder einmal bestachen damit sie ihn wärmstens weiterempfiehltn.
agree-obj,"40 sg, gram",der Betriebswirt die Beamtin immerhin freundlich beriet als sie eine Frage zum Personalwesen hatte.
agree-obj,"40 sg, ungram",der Betriebswirt die Beamtin immerhin freundlich berieten als sie eine Frage zum Personalwesen hatte.
agree-obj,"40 pl, gram",der Betriebswirt die Beamtinnen immerhin freundlich beriet als sie eine Frage zum Personalwesen hatten.
agree-obj,"40 pl, ungram",der Betriebswirt die Beamtinnen immerhin freundlich berieten als sie eine Frage zum Personalwesen hatten.
agree-obj,"41 sg, gram",der Buchhändler die Leseratte gestern gewiss bedauerte als er sie bei Ladenschluss nach draußen bitten musste.
agree-obj,"41 sg, ungram",der Buchhändler die Leseratte gestern gewiss bedauerten als er sie bei Ladenschluss nach draußen bitten musste.
agree-obj,"41 pl, gram",der Buchhändler die Leseratten gestern gewiss bedauerte als er sie bei Ladenschluss nach draußen bitten musste.
agree-obj,"41 pl, ungram",der Buchhändler die Leseratten gestern gewiss bedauerten als er sie bei Ladenschluss nach draußen bitten musste.
agree-obj,"42 sg, gram",der Chirurg die Anästhesistin immerhin kollegial verteidigte nachdem der Patient während der Operation erwacht war.
agree-obj,"42 sg, ungram",der Chirurg die Anästhesistin immerhin kollegial verteidigten nachdem der Patient während der Operation erwacht war.
agree-obj,"42 pl, gram",der Chirurg die Anästhesistinnen immerhin kollegial verteidigte nachdem der Patient während der Operation erwacht war.
agree-obj,"42 pl, ungram",der Chirurg die Anästhesistinnen immerhin kollegial verteidigten nachdem der Patient während der Operation erwacht war.
agree-obj,"43 sg, gram",der Vater die Schwägerin eigentlich enorm vermisste als sie sich mehrere Monate nicht sahen.
agree-obj,"43 sg, ungram",der Vater die Schwägerin eigentlich enorm vermissten als sie sich mehrere Monate nicht sahen.
agree-obj,"43 pl, gram",der Vater die Schwägerinnen eigentlich enorm vermisste als sie sich mehrere Monate nicht sahenn.
agree-obj,"43 pl, ungram",der Vater die Schwägerinnen eigentlich enorm vermissten als sie sich mehrere Monate nicht sahenn.
agree-obj,"44 sg, gram",der Fleischer die Vegetarierin neulich rüde belehrte nachdem sie die Vorteile fleischloser Ernährung aufgezählt hatte.
agree-obj,"44 sg, ungram",der Fleischer die Vegetarierin neulich rüde belehrten nachdem sie die Vorteile fleischloser Ernährung aufgezählt hatte.
agree-obj,"44 pl, gram",der Fleischer die Vegetarierinnen neulich rüde belehrte nachdem sie die Vorteile fleischloser Ernährung aufgezählt hatten.
agree-obj,"44 pl, ungram",der Fleischer die Vegetarierinnen neulich rüde belehrten nachdem sie die Vorteile fleischloser Ernährung aufgezählt hatten.
agree-obj,"45 sg, gram",der König die Kaiserin wohl offiziell einlud um die Hochzeit der Prinzessin zu feiern.
agree-obj,"45 sg, ungram",der König die Kaiserin wohl offiziell einluden um die Hochzeit der Prinzessin zu feiern.
agree-obj,"45 pl, gram",der König die Kaiserinnen wohl offiziell einlud um die Hochzeit der Prinzessin zu feiern.
agree-obj,"45 pl, ungram",der König die Kaiserinnen wohl offiziell einluden um die Hochzeit der Prinzessin zu feiern.
agree-obj,"46 sg, gram",der Präsident die Ministerin einst tatkräftig überzeugte so dass das Gesetz verabschiedet werden konnte.
agree-obj,"46 sg, ungram",der Präsident die Ministerin einst tatkräftig überzeugten so dass das Gesetz verabschiedet werden konnte.
agree-obj,"46 pl, gram",der Präsident die Ministerinnen einst tatkräftig überzeugte so dass das Gesetz verabschiedet werden konnte.
agree-obj,"46 pl, ungram",der Präsident die Ministerinnen einst tatkräftig überzeugten so dass das Gesetz verabschiedet werden konnte.
agree-obj,"47 sg, gram",der Vertreter die Bewohnerin wieder pünktlich antraf als er seine Ware verkaufen wollte.
agree-obj,"47 sg, ungram",der Vertreter die Bewohnerin wieder pünktlich antrafen als er seine Ware verkaufen wollte.
agree-obj,"47 pl, gram",der Vertreter die Bewohnerinnen wieder pünktlich antraf als er seine Ware verkaufen wollte.
agree-obj,"47 pl, ungram",der Vertreter die Bewohnerinnen wieder pünktlich antrafen als er seine Ware verkaufen wollte.
agree-obj,"48 sg, gram",der Ausbilder die Teenagerin gar unglaublich hasste als sie ihr pubertäres Verhalten an ihm ausließ.
agree-obj,"48 sg, ungram",der Ausbilder die Teenagerin gar unglaublich hassten als sie ihr pubertäres Verhalten an ihm ausließ.
agree-obj,"48 pl, gram",der Ausbilder die Teenagerinnen gar unglaublich hasste als sie ihr pubertäres Verhalten an ihm ausließn.
agree-obj,"48 pl, ungram",der Ausbilder die Teenagerinnen gar unglaublich hassten als sie ihr pubertäres Verhalten an ihm ausließn.
agree-obj,"49 sg, gram",der Fahrradfahrer die Spaziergängerin sogar plötzlich schubste um seiner Wut Ausdruck zu verleihen.
agree-obj,"49 sg, ungram",der Fahrradfahrer die Spaziergängerin sogar plötzlich schubsten um seiner Wut Ausdruck zu verleihen.
agree-obj,"49 pl, gram",der Fahrradfahrer die Spaziergängerinnen sogar plötzlich schubste um seiner Wut Ausdruck zu verleihen.
agree-obj,"49 pl, ungram",der Fahrradfahrer die Spaziergängerinnen sogar plötzlich schubsten um seiner Wut Ausdruck zu verleihen.
agree-obj,"50 sg, gram",der Mörder die Ermittlerin schließlich kurzum überwältigte als sie ihm auf die Spur kam.
agree-obj,"50 sg, ungram",der Mörder die Ermittlerin schließlich kurzum überwältigten als sie ihm auf die Spur kam.
agree-obj,"50 pl, gram",der Mörder die Ermittlerinnen schließlich kurzum überwältigte als sie ihm auf die Spur kamen.
agree-obj,"50 pl, ungram",der Mörder die Ermittlerinnen schließlich kurzum überwältigten als sie ihm auf die Spur kamen.
agree-obj,"51 sg, gram",der Mathematiker die Entwicklerin heute gründlich briefte um Fehler zu vermeiden.
agree-obj,"51 sg, ungram",der Mathematiker die Entwicklerin heute gründlich brieften um Fehler zu vermeiden.
agree-obj,"51 pl, gram",der Mathematiker die Entwicklerinnen heute gründlich briefte um Fehler zu vermeiden.
agree-obj,"51 pl, ungram",der Mathematiker die Entwicklerinnen heute gründlich brieften um Fehler zu vermeiden.
agree-obj,"52 sg, gram",der Abgeordnete die Bürgerin damals frech ignorierte weswegen er nicht wiedergewählt wurde.
agree-obj,"52 sg, ungram",der Abgeordnete die Bürgerin damals frech ignorierten weswegen er nicht wiedergewählt wurde.
agree-obj,"52 pl, gram",der Abgeordnete die Bürgerinnen damals frech ignorierte weswegen er nicht wiedergewählt wurde.
agree-obj,"52 pl, ungram",der Abgeordnete die Bürgerinnen damals frech ignorierten weswegen er nicht wiedergewählt wurde.
agree-obj,"53 sg, gram",der Sieger die Zuschauerin letztens eifrig motivierte um mehr Menschen für seine Sportart zu gewinnen.
agree-obj,"53 sg, ungram",der Sieger die Zuschauerin letztens eifrig motivierten um mehr Menschen für seine Sportart zu gewinnen.
agree-obj,"53 pl, gram",der Sieger die Zuschauerinnen letztens eifrig motivierte um mehr Menschen für seine Sportart zu gewinnen.
agree-obj,"53 pl, ungram",der Sieger die Zuschauerinnen letztens eifrig motivierten um mehr Menschen für seine Sportart zu gewinnen.
agree-obj,"54 sg, gram",der Angler die Fischerin natürlich nett grüßte als sie sich begegneten.
agree-obj,"54 sg, ungram",der Angler die Fischerin natürlich nett grüßten als sie sich begegneten.
agree-obj,"54 pl, gram",der Angler die Fischerinnen natürlich nett grüßte als sie sich begegnetenn.
agree-obj,"54 pl, ungram",der Angler die Fischerinnen natürlich nett grüßten als sie sich begegnetenn.
agree-obj,"55 sg, gram",der Fremdenführer die Touristin gerne vertraulich bezahlte damit sie online eine gute Bewertung schrieb.
agree-obj,"55 sg, ungram",der Fremdenführer die Touristin gerne vertraulich bezahlten damit sie online eine gute Bewertung schrieb.
agree-obj,"55 pl, gram",der Fremdenführer die Touristinnen gerne vertraulich bezahlte damit sie online eine gute Bewertung schrieben.
agree-obj,"55 pl, ungram",der Fremdenführer die Touristinnen gerne vertraulich bezahlten damit sie online eine gute Bewertung schrieben.
agree-obj,"56 sg, gram",der Künstler die Betrachterin zunächst wirklich überrumpelte als er sie um ihre Meinung bat.
agree-obj,"56 sg, ungram",der Künstler die Betrachterin zunächst wirklich überrumpelten als er sie um ihre Meinung bat.
agree-obj,"56 pl, gram",der Künstler die Betrachterinnen zunächst wirklich überrumpelte als er sie um ihre Meinung bat.
agree-obj,"56 pl, ungram",der Künstler die Betrachterinnen zunächst wirklich überrumpelten als er sie um ihre Meinung bat.
agree-obj,"57 sg, gram",der Buchhalter die Mitarbeiterin vorhin unauffällig hörte als sie über ihn lästerte.
agree-obj,"57 sg, ungram",der Buchhalter die Mitarbeiterin vorhin unauffällig hörten als sie über ihn lästerte.
agree-obj,"57 pl, gram",der Buchhalter die Mitarbeiterinnen vorhin unauffällig hörte als sie über ihn lästerten.
agree-obj,"57 pl, ungram",der Buchhalter die Mitarbeiterinnen vorhin unauffällig hörten als sie über ihn lästerten.
agree-obj,"58 sg, gram",der Mönch die Pastorin eben vorsichtig korrigierte als sie aus der Bibel zitierte.
agree-obj,"58 sg, ungram",der Mönch die Pastorin eben vorsichtig korrigierten als sie aus der Bibel zitierte.
agree-obj,"58 pl, gram",der Mönch die Pastorinnen eben vorsichtig korrigierte als sie aus der Bibel zitierten.
agree-obj,"58 pl, ungram",der Mönch die Pastorinnen eben vorsichtig korrigierten als sie aus der Bibel zitierten.
agree-obj,"59 sg, gram",der Abenteurer die Weltenbummlerin letztendlich nur duldete weil er sich verlaufen hatte.
agree-obj,"59 sg, ungram",der Abenteurer die Weltenbummlerin letztendlich nur duldeten weil er sich verlaufen hatte.
agree-obj,"59 pl, gram",der Abenteurer die Weltenbummlerinnen letztendlich nur duldete weil er sich verlaufen hatte.
agree-obj,"59 pl, ungram",der Abenteurer die Weltenbummlerinnen letztendlich nur duldeten weil er sich verlaufen hatte.
agree-obj,"60 sg, gram",der Weinkenner die Gastronomin tatsächlich erkennbar beneidete da sie gute Kontakte zu Winzern hatte.
agree-obj,"60 sg, ungram",der Weinkenner die Gastronomin tatsächlich erkennbar beneideten da sie gute Kontakte zu Winzern hatte.
agree-obj,"60 pl, gram",der Weinkenner die Gastronominnen tatsächlich erkennbar beneidete da sie gute Kontakte zu Winzern hatten.
agree-obj,"60 pl, ungram",der Weinkenner die Gastronominnen tatsächlich erkennbar beneideten da sie gute Kontakte zu Winzern hatten.
agree-obj,"61 sg, gram",der Segler die Taucherin gestern sofort rettete als der Sturm das Meer aufpeitschte.
agree-obj,"61 sg, ungram",der Segler die Taucherin gestern sofort retteten als der Sturm das Meer aufpeitschte.
agree-obj,"61 pl, gram",der Segler die Taucherinnen gestern sofort rettete als der Sturm das Meer aufpeitschte.
agree-obj,"61 pl, ungram",der Segler die Taucherinnen gestern sofort retteten als der Sturm das Meer aufpeitschte.
agree-obj,"62 sg, gram",der Koch die Konkurrentin damals wissentlich schädigte als er das Gesundheitsamt rief.
agree-obj,"62 sg, ungram",der Koch die Konkurrentin damals wissentlich schädigten als er das Gesundheitsamt rief.
agree-obj,"62 pl, gram",der Koch die Konkurrentinnen damals wissentlich schädigte als er das Gesundheitsamt rief.
agree-obj,"62 pl, ungram",der Koch die Konkurrentinnen damals wissentlich schädigten als er das Gesundheitsamt rief.
agree-obj,"63 sg, gram",der Bürgermeister die Politikerin tatsächlich ungeniert störte obwohl der Entwurf der neuen Rede anstand.
agree-obj,"63 sg, ungram",der Bürgermeister die Politikerin tatsächlich ungeniert störten obwohl der Entwurf der neuen Rede anstand.
agree-obj,"63 pl, gram",der Bürgermeister die Politikerinnen tatsächlich ungeniert störte obwohl der Entwurf der neuen Rede anstand.
agree-obj,"63 pl, ungram",der Bürgermeister die Politikerinnen tatsächlich ungeniert störten obwohl der Entwurf der neuen Rede anstand.
agree-obj,"64 sg, gram",der Hausbesitzer die Mieterin letztendlich vorsätzlich tötete als der Streit eskalierte.
agree-obj,"64 sg, ungram",der Hausbesitzer die Mieterin letztendlich vorsätzlich töteten als der Streit eskalierte.
agree-obj,"64 pl, gram",der Hausbesitzer die Mieterinnen letztendlich vorsätzlich tötete als der Streit eskalierte.
agree-obj,"64 pl, ungram",der Hausbesitzer die Mieterinnen letztendlich vorsätzlich töteten als der Streit eskalierte.
agree-obj,"65 sg, gram",der Jäger die Wanderin schließlich erst fand als bereits die Sonne unterging.
agree-obj,"65 sg, ungram",der Jäger die Wanderin schließlich erst fanden als bereits die Sonne unterging.
agree-obj,"65 pl, gram",der Jäger die Wanderinnen schließlich erst fand als bereits die Sonne unterging.
agree-obj,"65 pl, ungram",der Jäger die Wanderinnen schließlich erst fanden als bereits die Sonne unterging.
agree-obj,"66 sg, gram",der Trainer die Spielerin wohl ziemlich überraschte als er schreiend auf das Spielfeld rannte.
agree-obj,"66 sg, ungram",der Trainer die Spielerin wohl ziemlich überraschten als er schreiend auf das Spielfeld rannte.
agree-obj,"66 pl, gram",der Trainer die Spielerinnen wohl ziemlich überraschte als er schreiend auf das Spielfeld rannte.
agree-obj,"66 pl, ungram",der Trainer die Spielerinnen wohl ziemlich überraschten als er schreiend auf das Spielfeld rannte.
agree-obj,"67 sg, gram",der Biologe die Chemikerin neulich zufällig traf als die Postersession stattfand.
agree-obj,"67 sg, ungram",der Biologe die Chemikerin neulich zufällig trafen als die Postersession stattfand.
agree-obj,"67 pl, gram",der Biologe die Chemikerinnen neulich zufällig traf als die Postersession stattfand.
agree-obj,"67 pl, ungram",der Biologe die Chemikerinnen neulich zufällig trafen als die Postersession stattfand.
agree-obj,"68 sg, gram",der Jurist die Mandantin gerne unerlaubt täuschte damit sie auf den Deal einging.
agree-obj,"68 sg, ungram",der Jurist die Mandantin gerne unerlaubt täuschten damit sie auf den Deal einging.
agree-obj,"68 pl, gram",der Jurist die Mandantinnen gerne unerlaubt täuschte damit sie auf den Deal eingingn.
agree-obj,"68 pl, ungram",der Jurist die Mandantinnen gerne unerlaubt täuschten damit sie auf den Deal eingingn.
agree-obj,"69 sg, gram",der Fan die Schauspielerin vorhin offensichtlich bedrängte um ein Autogramm zu bekommen.
agree-obj,"69 sg, ungram",der Fan die Schauspielerin vorhin offensichtlich bedrängten um ein Autogramm zu bekommen.
agree-obj,"69 pl, gram",der Fan die Schauspielerinnen vorhin offensichtlich bedrängte um ein Autogramm zu bekommen.
agree-obj,"69 pl, ungram",der Fan die Schauspielerinnen vorhin offensichtlich bedrängten um ein Autogramm zu bekommen.
agree-obj,"70 sg, gram",der Sammler die Expertin heute offen fragte welchen Wert er für die Vase verlangen kann.
agree-obj,"70 sg, ungram",der Sammler die Expertin heute offen fragten welchen Wert er für die Vase verlangen kann.
agree-obj,"70 pl, gram",der Sammler die Expertinnen heute offen fragte welchen Wert er für die Vase verlangen kann.
agree-obj,"70 pl, ungram",der Sammler die Expertinnen heute offen fragten welchen Wert er für die Vase verlangen kann.
agree-obj,"71 sg, gram",der Arzt die Apothekerin gar euphorisch rühmte nachdem sie eine neue Creme angerührt hatte.
agree-obj,"71 sg, ungram",der Arzt die Apothekerin gar euphorisch rühmten nachdem sie eine neue Creme angerührt hatte.
agree-obj,"71 pl, gram",der Arzt die Apothekerinnen gar euphorisch rühmte nachdem sie eine neue Creme angerührt hatten.
agree-obj,"71 pl, ungram",der Arzt die Apothekerinnen gar euphorisch rühmten nachdem sie eine neue Creme angerührt hatten.
agree-obj,"72 sg, gram",der Pilot die Stewardess immerhin kurz informierte als er mit dem Landeanflug begann.
agree-obj,"72 sg, ungram",der Pilot die Stewardess immerhin kurz informierten als er mit dem Landeanflug begann.
agree-obj,"72 pl, gram",der Pilot die Stewardessen immerhin kurz informierte als er mit dem Landeanflug begann.
agree-obj,"72 pl, ungram",der Pilot die Stewardessen immerhin kurz informierten als er mit dem Landeanflug begann.
agree-obj,"73 sg, gram",der Dekan die Professorin letztens arrogant belächelte als sie ihm ihren Standpunkt verdeutlichte.
agree-obj,"73 sg, ungram",der Dekan die Professorin letztens arrogant belächelten als sie ihm ihren Standpunkt verdeutlichte.
agree-obj,"73 pl, gram",der Dekan die Professorinnen letztens arrogant belächelte als sie ihm ihren Standpunkt verdeutlichten.
agree-obj,"73 pl, ungram",der Dekan die Professorinnen letztens arrogant belächelten als sie ihm ihren Standpunkt verdeutlichten.
agree-obj,"74 sg, gram",der Postbote die Nachbarin eigentlich insgeheim verabscheute nachdem sie mehrfach ein Paket nicht angenommen hatte.
agree-obj,"74 sg, ungram",der Postbote die Nachbarin eigentlich insgeheim verabscheuten nachdem sie mehrfach ein Paket nicht angenommen hatte.
agree-obj,"74 pl, gram",der Postbote die Nachbarinnen eigentlich insgeheim verabscheute nachdem sie mehrfach ein Paket nicht angenommen hatten.
agree-obj,"74 pl, ungram",der Postbote die Nachbarinnen eigentlich insgeheim verabscheuten nachdem sie mehrfach ein Paket nicht angenommen hatten.
agree-obj,"75 sg, gram",der Zauberer die Hexe einst fähig verzauberte als sie ihn zum Duell herausforderte.
agree-obj,"75 sg, ungram",der Zauberer die Hexe einst fähig verzauberten als sie ihn zum Duell herausforderte.
agree-obj,"75 pl, gram",der Zauberer die Hexen einst fähig verzauberte als sie ihn zum Duell herausforderten.
agree-obj,"75 pl, ungram",der Zauberer die Hexen einst fähig verzauberten als sie ihn zum Duell herausforderten.
agree-obj,"76 sg, gram",der Hehler die Diebin wieder prompt schlug als sie ihm die Ware nicht verkaufen wollte.
agree-obj,"76 sg, ungram",der Hehler die Diebin wieder prompt schlugen als sie ihm die Ware nicht verkaufen wollte.
agree-obj,"76 pl, gram",der Hehler die Diebinnen wieder prompt schlug als sie ihm die Ware nicht verkaufen wollten.
agree-obj,"76 pl, ungram",der Hehler die Diebinnen wieder prompt schlugen als sie ihm die Ware nicht verkaufen wollten.
agree-obj,"77 sg, gram",der Kapitän die Matrosin eben lautstark alarmierte als er den Kurs nachjustieren musste.
agree-obj,"77 sg, ungram",der Kapitän die Matrosin eben lautstark alarmierten als er den Kurs nachjustieren musste.
agree-obj,"77 pl, gram",der Kapitän die Matrosinnen eben lautstark alarmierte als er den Kurs nachjustieren musste.
agree-obj,"77 pl, ungram",der Kapitän die Matrosinnen eben lautstark alarmierten als er den Kurs nachjustieren musste.
agree-obj,"78 sg, gram",der Ritter die Hofdame sogar inbrünstig verehrte weswegen er ihr ewige Treue schwor.
agree-obj,"78 sg, ungram",der Ritter die Hofdame sogar inbrünstig verehrten weswegen er ihr ewige Treue schwor.
agree-obj,"78 pl, gram",der Ritter die Hofdamen sogar inbrünstig verehrte weswegen er ihr ewige Treue schwor.
agree-obj,"78 pl, ungram",der Ritter die Hofdamen sogar inbrünstig verehrten weswegen er ihr ewige Treue schwor.
agree-obj,"79 sg, gram",der Pfleger die Seniorin natürlich überaus schätzte da sie immer spannende Geschichten erzählt hat.
agree-obj,"79 sg, ungram",der Pfleger die Seniorin natürlich überaus schätzten da sie immer spannende Geschichten erzählt hat.
agree-obj,"79 pl, gram",der Pfleger die Seniorinnen natürlich überaus schätzte da sie immer spannende Geschichten erzählt hatn.
agree-obj,"79 pl, ungram",der Pfleger die Seniorinnen natürlich überaus schätzten da sie immer spannende Geschichten erzählt hatn.
agree-obj,"80 sg, gram",der Bestatter die Floristin zunächst öffentlich bevorzugte da ihre Gestecke sich von der Masse abhoben.
agree-obj,"80 sg, ungram",der Bestatter die Floristin zunächst öffentlich bevorzugten da ihre Gestecke sich von der Masse abhoben.
agree-obj,"80 pl, gram",der Bestatter die Floristinnen zunächst öffentlich bevorzugte da ihre Gestecke sich von der Masse abhoben.
agree-obj,"80 pl, ungram",der Bestatter die Floristinnen zunächst öffentlich bevorzugten da ihre Gestecke sich von der Masse abhoben.
agree-obj,"81 sg, gram",der Psychologe die Patientin einst arg mochte obwohl sein Berufsethos ihm Distanz vorschrieb.
agree-obj,"81 sg, ungram",der Psychologe die Patientin einst arg mochten obwohl sein Berufsethos ihm Distanz vorschrieb.
agree-obj,"81 pl, gram",der Psychologe die Patientinnen einst arg mochte obwohl sein Berufsethos ihm Distanz vorschrieb.
agree-obj,"81 pl, ungram",der Psychologe die Patientinnen einst arg mochten obwohl sein Berufsethos ihm Distanz vorschrieb.
agree-obj,"82 sg, gram",der Dolmetscher die Linguistin gestern fachkundig unterrichtete da er ein Experte in der Anwendung von Sprache war.
agree-obj,"82 sg, ungram",der Dolmetscher die Linguistin gestern fachkundig unterrichteten da er ein Experte in der Anwendung von Sprache war.
agree-obj,"82 pl, gram",der Dolmetscher die Linguistinnen gestern fachkundig unterrichtete da er ein Experte in der Anwendung von Sprache war.
agree-obj,"82 pl, ungram",der Dolmetscher die Linguistinnen gestern fachkundig unterrichteten da er ein Experte in der Anwendung von Sprache war.
agree-obj,"83 sg, gram",der Geburtshelfer die Mutter sogar willentlich mied um ihr die schlechte Nachricht nicht überbringen zu müssen.
agree-obj,"83 sg, ungram",der Geburtshelfer die Mutter sogar willentlich mieden um ihr die schlechte Nachricht nicht überbringen zu müssen.
agree-obj,"83 pl, gram",der Geburtshelfer die Mütter sogar willentlich mied um ihr die schlechte Nachricht nicht überbringen zu müssen.
agree-obj,"83 pl, ungram",der Geburtshelfer die Mütter sogar willentlich mieden um ihr die schlechte Nachricht nicht überbringen zu müssen.
agree-obj,"84 sg, gram",der Pressesprecher die Reporterin vorhin lieb anlächtelte als sie seiner Rede zuhörte.
agree-obj,"84 sg, ungram",der Pressesprecher die Reporterin vorhin lieb anlächtelten als sie seiner Rede zuhörte.
agree-obj,"84 pl, gram",der Pressesprecher die Reporterinnen vorhin lieb anlächtelte als sie seiner Rede zuhörten.
agree-obj,"84 pl, ungram",der Pressesprecher die Reporterinnen vorhin lieb anlächtelten als sie seiner Rede zuhörten.
agree-obj,"85 sg, gram",der Förster die Ökologin gerne ungefragt konsultierte um von ihrer Expertise in Botanik zu profitieren.
agree-obj,"85 sg, ungram",der Förster die Ökologin gerne ungefragt konsultierten um von ihrer Expertise in Botanik zu profitieren.
agree-obj,"85 pl, gram",der Förster die Ökologinnen gerne ungefragt konsultierte um von ihrer Expertise in Botanik zu profitieren.
agree-obj,"85 pl, ungram",der Förster die Ökologinnen gerne ungefragt konsultierten um von ihrer Expertise in Botanik zu profitieren.
agree-obj,"86 sg, gram",der Fotograf die Musikerin neulich daheim besuchte um sie für ihr neues Album abzulichten.
agree-obj,"86 sg, ungram",der Fotograf die Musikerin neulich daheim besuchten um sie für ihr neues Album abzulichten.
agree-obj,"86 pl, gram",der Fotograf die Musikerinnen neulich daheim besuchte um sie für ihr neues Album abzulichtenn.
agree-obj,"86 pl, ungram",der Fotograf die Musikerinnen neulich daheim besuchten um sie für ihr neues Album abzulichtenn.
agree-obj,"87 sg, gram",der Drogerist die Kosmetikerin tatsächlich energisch verjagte als sie von einem neuen Make-Up schwärmte.
agree-obj,"87 sg, ungram",der Drogerist die Kosmetikerin tatsächlich energisch verjagten als sie von einem neuen Make-Up schwärmte.
agree-obj,"87 pl, gram",der Drogerist die Kosmetikerinnen tatsächlich energisch verjagte als sie von einem neuen Make-Up schwärmten.
agree-obj,"87 pl, ungram",der Drogerist die Kosmetikerinnen tatsächlich energisch verjagten als sie von einem neuen Make-Up schwärmten.
agree-obj,"88 sg, gram",der Kandidat die Wählerin schließlich wild küsste als sie ihm ihre Stimme gab.
agree-obj,"88 sg, ungram",der Kandidat die Wählerin schließlich wild küssten als sie ihm ihre Stimme gab.
agree-obj,"88 pl, gram",der Kandidat die Wählerinnen schließlich wild küsste als sie ihm ihre Stimme gabn.
agree-obj,"88 pl, ungram",der Kandidat die Wählerinnen schließlich wild küssten als sie ihm ihre Stimme gabn.
agree-obj,"89 sg, gram",der Mediziner die Laborantin heute lediglich aufsuchte um sich nach den Werten zu erkundigen.
agree-obj,"89 sg, ungram",der Mediziner die Laborantin heute lediglich aufsuchten um sich nach den Werten zu erkundigen.
agree-obj,"89 pl, gram",der Mediziner die Laborantinnen heute lediglich aufsuchte um sich nach den Werten zu erkundigen.
agree-obj,"89 pl, ungram",der Mediziner die Laborantinnen heute lediglich aufsuchten um sich nach den Werten zu erkundigen.
agree-obj,"90 sg, gram",der Comedian die Kabarettistin natürlich rührend tröstete nachdem niemand bei dem Auftritt lachte.
agree-obj,"90 sg, ungram",der Comedian die Kabarettistin natürlich rührend trösteten nachdem niemand bei dem Auftritt lachte.
agree-obj,"90 pl, gram",der Comedian die Kabarettistinnen natürlich rührend tröstete nachdem niemand bei dem Auftritt lachte.
agree-obj,"90 pl, ungram",der Comedian die Kabarettistinnen natürlich rührend trösteten nachdem niemand bei dem Auftritt lachte.
agree-obj,"91 sg, gram",der Forscher die Probandin wieder geduldig erinnerte als sie den Termin für das Experiment vergaß.
agree-obj,"91 sg, ungram",der Forscher die Probandin wieder geduldig erinnerten als sie den Termin für das Experiment vergaß.
agree-obj,"91 pl, gram",der Forscher die Probandinnen wieder geduldig erinnerte als sie den Termin für das Experiment vergaßen.
agree-obj,"91 pl, ungram",der Forscher die Probandinnen wieder geduldig erinnerten als sie den Termin für das Experiment vergaßen.
agree-obj,"92 sg, gram",der Bäcker die Müllerin letztendlich dynamisch anspornte da die Qualität des Mehls nachließ.
agree-obj,"92 sg, ungram",der Bäcker die Müllerin letztendlich dynamisch anspornten da die Qualität des Mehls nachließ.
agree-obj,"92 pl, gram",der Bäcker die Müllerinnen letztendlich dynamisch anspornte da die Qualität des Mehls nachließ.
agree-obj,"92 pl, ungram",der Bäcker die Müllerinnen letztendlich dynamisch anspornten da die Qualität des Mehls nachließ.
agree-obj,"93 sg, gram",der Kosmonaut die Astronautin immerhin ungehemmt lobte als sie aus dem Weltraum zurückkehrte.
agree-obj,"93 sg, ungram",der Kosmonaut die Astronautin immerhin ungehemmt lobten als sie aus dem Weltraum zurückkehrte.
agree-obj,"93 pl, gram",der Kosmonaut die Astronautinnen immerhin ungehemmt lobte als sie aus dem Weltraum zurückkehrten.
agree-obj,"93 pl, ungram",der Kosmonaut die Astronautinnen immerhin ungehemmt lobten als sie aus dem Weltraum zurückkehrten.
agree-obj,"94 sg, gram",der Fan die Verliererin wohl flüchtig sah als sie abseits der Kameras weinte.
agree-obj,"94 sg, ungram",der Fan die Verliererin wohl flüchtig sahen als sie abseits der Kameras weinte.
agree-obj,"94 pl, gram",der Fan die Verliererinnen wohl flüchtig sah als sie abseits der Kameras weinten.
agree-obj,"94 pl, ungram",der Fan die Verliererinnen wohl flüchtig sahen als sie abseits der Kameras weinten.
agree-obj,"95 sg, gram",der Veranstalter die Besucherin eben reichlich ärgerte als er beim Einlass ihren Ausweis verlangte.
agree-obj,"95 sg, ungram",der Veranstalter die Besucherin eben reichlich ärgerten als er beim Einlass ihren Ausweis verlangte.
agree-obj,"95 pl, gram",der Veranstalter die Besucherinnen eben reichlich ärgerte als er beim Einlass ihren Ausweis verlangte.
agree-obj,"95 pl, ungram",der Veranstalter die Besucherinnen eben reichlich ärgerten als er beim Einlass ihren Ausweis verlangte.
agree-obj,"96 sg, gram",der Chef die Beraterin eigentlich inständig vergötterte da sie ihm jeden Wunsch von den Augen ablas.
agree-obj,"96 sg, ungram",der Chef die Beraterin eigentlich inständig vergötterten da sie ihm jeden Wunsch von den Augen ablas.
agree-obj,"96 pl, gram",der Chef die Beraterinnen eigentlich inständig vergötterte da sie ihm jeden Wunsch von den Augen ablasn.
agree-obj,"96 pl, ungram",der Chef die Beraterinnen eigentlich inständig vergötterten da sie ihm jeden Wunsch von den Augen ablasn.
agree-obj,"97 sg, gram",der Zeichner die Malerin gar intensiv bewunderte als er sich die neue Ausstellung anschaute.
agree-obj,"97 sg, ungram",der Zeichner die Malerin gar intensiv bewunderten als er sich die neue Ausstellung anschaute.
agree-obj,"97 pl, gram",der Zeichner die Malerinnen gar intensiv bewunderte als er sich die neue Ausstellung anschaute.
agree-obj,"97 pl, ungram",der Zeichner die Malerinnen gar intensiv bewunderten als er sich die neue Ausstellung anschaute.
agree-obj,"98 sg, gram",der Zugführer die Schaffnerin letztens einfach bestahl als sie gerade Fahrkarten kontrollierte.
agree-obj,"98 sg, ungram",der Zugführer die Schaffnerin letztens einfach bestahlen als sie gerade Fahrkarten kontrollierte.
agree-obj,"98 pl, gram",der Zugführer die Schaffnerinnen letztens einfach bestahl als sie gerade Fahrkarten kontrollierten.
agree-obj,"98 pl, ungram",der Zugführer die Schaffnerinnen letztens einfach bestahlen als sie gerade Fahrkarten kontrollierten.
agree-obj,"99 sg, gram",der Leibwächter die Kronzeugin damals genau lehrte wie sie sich bis zum Prozess zu verhalten hat.
agree-obj,"99 sg, ungram",der Leibwächter die Kronzeugin damals genau lehrten wie sie sich bis zum Prozess zu verhalten hat.
agree-obj,"99 pl, gram",der Leibwächter die Kronzeuginnen damals genau lehrte wie sie sich bis zum Prozess zu verhalten hatn.
agree-obj,"99 pl, ungram",der Leibwächter die Kronzeuginnen damals genau lehrten wie sie sich bis zum Prozess zu verhalten hatn.
agree-obj,"100 sg, gram",der Stiefsohn die Tante zunächst grob vernachlässigte obwohl sie sich immer um ihn gekümmert hat.
agree-obj,"100 sg, ungram",der Stiefsohn die Tante zunächst grob vernachlässigten obwohl sie sich immer um ihn gekümmert hat.
agree-obj,"100 pl, gram",der Stiefsohn die Tanten zunächst grob vernachlässigte obwohl sie sich immer um ihn gekümmert hatn.
agree-obj,"100 pl, ungram",der Stiefsohn die Tanten zunächst grob vernachlässigten obwohl sie sich immer um ihn gekümmert hatn.
agree-obj,"101 sg, gram",der Häftling die Täterin gestern brutal erwürgte um an die Zigaretten zu gelangen.
agree-obj,"101 sg, ungram",der Häftling die Täterin gestern brutal erwürgten um an die Zigaretten zu gelangen.
agree-obj,"101 pl, gram",der Häftling die Täterinnen gestern brutal erwürgte um an die Zigaretten zu gelangen.
agree-obj,"101 pl, ungram",der Häftling die Täterinnen gestern brutal erwürgten um an die Zigaretten zu gelangen.
agree-obj,"102 sg, gram",der Streber die Zicke tatsächlich schadenfroh verspottete als sie eine schlechte Note bekam.
agree-obj,"102 sg, ungram",der Streber die Zicke tatsächlich schadenfroh verspotteten als sie eine schlechte Note bekam.
agree-obj,"102 pl, gram",der Streber die Zicken tatsächlich schadenfroh verspottete als sie eine schlechte Note bekamn.
agree-obj,"102 pl, ungram",der Streber die Zicken tatsächlich schadenfroh verspotteten als sie eine schlechte Note bekamn.
agree-obj,"103 sg, gram",der Sozialist die Genossin gerne lecker bekochte als sie den Wahlsieg feierten.
agree-obj,"103 sg, ungram",der Sozialist die Genossin gerne lecker bekochten als sie den Wahlsieg feierten.
agree-obj,"103 pl, gram",der Sozialist die Genossinnen gerne lecker bekochte als sie den Wahlsieg feiertenn.
agree-obj,"103 pl, ungram",der Sozialist die Genossinnen gerne lecker bekochten als sie den Wahlsieg feiertenn.
agree-obj,"104 sg, gram",der Muslim die Christin eigentlich schon respektierte obwohl sich ihr Glaube unterscheidet.
agree-obj,"104 sg, ungram",der Muslim die Christin eigentlich schon respektierten obwohl sich ihr Glaube unterscheidet.
agree-obj,"104 pl, gram",der Muslim die Christinnen eigentlich schon respektierte obwohl sich ihr Glaube unterscheidet.
agree-obj,"104 pl, ungram",der Muslim die Christinnen eigentlich schon respektierten obwohl sich ihr Glaube unterscheidet.
agree-obj,"105 sg, gram",der Briefträger die Zeitungsbotin natürlich umsichtig warnte da sich auf dem Grundstück ein Hund befand.
agree-obj,"105 sg, ungram",der Briefträger die Zeitungsbotin natürlich umsichtig warnten da sich auf dem Grundstück ein Hund befand.
agree-obj,"105 pl, gram",der Briefträger die Zeitungsbotinnen natürlich umsichtig warnte da sich auf dem Grundstück ein Hund befand.
agree-obj,"105 pl, ungram",der Briefträger die Zeitungsbotinnen natürlich umsichtig warnten da sich auf dem Grundstück ein Hund befand.
agree-obj,"106 sg, gram",der Publizist die Grafikerin gar herzhaft pries nachdem sie ihre Präsentation beendet hatte.
agree-obj,"106 sg, ungram",der Publizist die Grafikerin gar herzhaft priesen nachdem sie ihre Präsentation beendet hatte.
agree-obj,"106 pl, gram",der Publizist die Grafikerinnen gar herzhaft pries nachdem sie ihre Präsentation beendet hatten.
agree-obj,"106 pl, ungram",der Publizist die Grafikerinnen gar herzhaft priesen nachdem sie ihre Präsentation beendet hatten.
agree-obj,"107 sg, gram",der Optiker die Brillenträgerin einst ungeübt filmte um sie als Werbegesicht zu verwenden.
agree-obj,"107 sg, ungram",der Optiker die Brillenträgerin einst ungeübt filmten um sie als Werbegesicht zu verwenden.
agree-obj,"107 pl, gram",der Optiker die Brillenträgerinnen einst ungeübt filmte um sie als Werbegesicht zu verwendenn.
agree-obj,"107 pl, ungram",der Optiker die Brillenträgerinnen einst ungeübt filmten um sie als Werbegesicht zu verwendenn.
agree-obj,"108 sg, gram",der Soziologe die Ethnologin letztendlich pietätvoll achtete obwohl sie unterschiedlichen Schulen angehörten.
agree-obj,"108 sg, ungram",der Soziologe die Ethnologin letztendlich pietätvoll achteten obwohl sie unterschiedlichen Schulen angehörten.
agree-obj,"108 pl, gram",der Soziologe die Ethnologinnen letztendlich pietätvoll achtete obwohl sie unterschiedlichen Schulen angehörtenn.
agree-obj,"108 pl, ungram",der Soziologe die Ethnologinnen letztendlich pietätvoll achteten obwohl sie unterschiedlichen Schulen angehörtenn.
agree-obj,"109 sg, gram",der Herausgeber die Texterin heute spontan anrief um über ihre Arbeit zu sprechen.
agree-obj,"109 sg, ungram",der Herausgeber die Texterin heute spontan anriefen um über ihre Arbeit zu sprechen.
agree-obj,"109 pl, gram",der Herausgeber die Texterinnen heute spontan anrief um über ihre Arbeit zu sprechen.
agree-obj,"109 pl, ungram",der Herausgeber die Texterinnen heute spontan anriefen um über ihre Arbeit zu sprechen.
agree-obj,"110 sg, gram",der Kriminologe die Kommissarin neulich talentiert fotografierte als das Präsidium eine Weihnachtsfeier veranstaltete.
agree-obj,"110 sg, ungram",der Kriminologe die Kommissarin neulich talentiert fotografierten als das Präsidium eine Weihnachtsfeier veranstaltete.
agree-obj,"110 pl, gram",der Kriminologe die Kommissarinnen neulich talentiert fotografierte als das Präsidium eine Weihnachtsfeier veranstaltete.
agree-obj,"110 pl, ungram",der Kriminologe die Kommissarinnen neulich talentiert fotografierten als das Präsidium eine Weihnachtsfeier veranstaltete.
agree-obj,"111 sg, gram",der Mechaniker die Elektronikerin vorhin umgehend berichtigte als sie die Kabel verwechselte.
agree-obj,"111 sg, ungram",der Mechaniker die Elektronikerin vorhin umgehend berichtigten als sie die Kabel verwechselte.
agree-obj,"111 pl, gram",der Mechaniker die Elektronikerinnen vorhin umgehend berichtigte als sie die Kabel verwechselten.
agree-obj,"111 pl, ungram",der Mechaniker die Elektronikerinnen vorhin umgehend berichtigten als sie die Kabel verwechselten.
agree-obj,"112 sg, gram",der Therapeut die Raucherin schließlich beachtlich ängstigte als er sie über die Risiken von Lungenkrebs aufklärte.
agree-obj,"112 sg, ungram",der Therapeut die Raucherin schließlich beachtlich ängstigten als er sie über die Risiken von Lungenkrebs aufklärte.
agree-obj,"112 pl, gram",der Therapeut die Raucherinnen schließlich beachtlich ängstigte als er sie über die Risiken von Lungenkrebs aufklärte.
agree-obj,"112 pl, ungram",der Therapeut die Raucherinnen schließlich beachtlich ängstigten als er sie über die Risiken von Lungenkrebs aufklärte.
agree-obj,"113 sg, gram",der Statistiker die Analystin eben spöttisch tadelte weil er mit ihren Berechnungen nicht zufrieden war.
agree-obj,"113 sg, ungram",der Statistiker die Analystin eben spöttisch tadelten weil er mit ihren Berechnungen nicht zufrieden war.
agree-obj,"113 pl, gram",der Statistiker die Analystinnen eben spöttisch tadelte weil er mit ihren Berechnungen nicht zufrieden war.
agree-obj,"113 pl, ungram",der Statistiker die Analystinnen eben spöttisch tadelten weil er mit ihren Berechnungen nicht zufrieden war.
agree-obj,"114 sg, gram",der Bibliothekar die Leserin wohl kurzerhand benutzte um mehr über die Interessen der Kundschaft zu erfahren.
agree-obj,"114 sg, ungram",der Bibliothekar die Leserin wohl kurzerhand benutzten um mehr über die Interessen der Kundschaft zu erfahren.
agree-obj,"114 pl, gram",der Bibliothekar die Leserinnen wohl kurzerhand benutzte um mehr über die Interessen der Kundschaft zu erfahren.
agree-obj,"114 pl, ungram",der Bibliothekar die Leserinnen wohl kurzerhand benutzten um mehr über die Interessen der Kundschaft zu erfahren.
agree-obj,"115 sg, gram",der Reiter die Jurorin sogar direkt beschimpfte als sie ihm eine schlechte Wertung gab.
agree-obj,"115 sg, ungram",der Reiter die Jurorin sogar direkt beschimpften als sie ihm eine schlechte Wertung gab.
agree-obj,"115 pl, gram",der Reiter die Jurorinnen sogar direkt beschimpfte als sie ihm eine schlechte Wertung gabn.
agree-obj,"115 pl, ungram",der Reiter die Jurorinnen sogar direkt beschimpften als sie ihm eine schlechte Wertung gabn.
agree-obj,"116 sg, gram",der Bräutigam die Brautjungfern damals vorsorglich ermahnte da ihr ein bestimmter Ruf vorauseilte.
agree-obj,"116 sg, ungram",der Bräutigam die Brautjungfern damals vorsorglich ermahnten da ihr ein bestimmter Ruf vorauseilte.
agree-obj,"116 pl, gram",der Bräutigam die Brautjungfern damals vorsorglich ermahnte da ihnen ein bestimmter Ruf vorauseilte.
agree-obj,"116 pl, ungram",der Bräutigam die Brautjungfern damals vorsorglich ermahnten da ihnen ein bestimmter Ruf vorauseilte.
agree-obj,"117 sg, gram",der Anwohner die Aktivistin letztens aggressiv nötigte da ihm der Protest zu laut war.
agree-obj,"117 sg, ungram",der Anwohner die Aktivistin letztens aggressiv nötigten da ihm der Protest zu laut war.
agree-obj,"117 pl, gram",der Anwohner die Aktivistinnen letztens aggressiv nötigte da ihm der Protest zu laut war.
agree-obj,"117 pl, ungram",der Anwohner die Aktivistinnen letztens aggressiv nötigten da ihm der Protest zu laut war.
agree-obj,"118 sg, gram",der Administrator die Hackerin wieder unbeirrbar bekämpfte um die Kontrolle über sein System bewahren.
agree-obj,"118 sg, ungram",der Administrator die Hackerin wieder unbeirrbar bekämpften um die Kontrolle über sein System bewahren.
agree-obj,"118 pl, gram",der Administrator die Hackerinnen wieder unbeirrbar bekämpfte um die Kontrolle über sein System bewahren.
agree-obj,"118 pl, ungram",der Administrator die Hackerinnen wieder unbeirrbar bekämpften um die Kontrolle über sein System bewahren.
agree-obj,"119 sg, gram",der Schwimmer die Ruderin zunächst unheimlich fürchtete da sie von seinem Doping wusste.
agree-obj,"119 sg, ungram",der Schwimmer die Ruderin zunächst unheimlich fürchteten da sie von seinem Doping wusste.
agree-obj,"119 pl, gram",der Schwimmer die Ruderinnen zunächst unheimlich fürchtete da sie von seinem Doping wussten.
agree-obj,"119 pl, ungram",der Schwimmer die Ruderinnen zunächst unheimlich fürchteten da sie von seinem Doping wussten.
agree-obj,"120 sg, gram",der Schiedsrichter die Fußballerin immerhin konsequent bestrafte um das schwere Foul zu ahnden.
agree-obj,"120 sg, ungram",der Schiedsrichter die Fußballerin immerhin konsequent bestraften um das schwere Foul zu ahnden.
agree-obj,"120 pl, gram",der Schiedsrichter die Fußballerinnen immerhin konsequent bestrafte um das schwere Foul zu ahnden.
agree-obj,"120 pl, ungram",der Schiedsrichter die Fußballerinnen immerhin konsequent bestraften um das schwere Foul zu ahnden.
agree-gen,1 a,Der Entwurf des Romans des Bibliothekars wurde von allen gelobt.
agree-gen,1 b,Der Entwurf der Romane des Bibliothekars wurde von allen gelobt.
agree-gen,1 c,Der Entwurf des Romans des Bibliothekars wurden von allen gelobt.
agree-gen,1 d,Der Entwurf der Romane des Bibliothekars wurden von allen gelobt.
agree-gen,2 a,Der Brief des Anwaltes des Diebes hatte die Zeugen erschreckt.
agree-gen,2 b,Der Brief der Anwälte des Diebes hatte die Zeugen erschreckt.
agree-gen,2 c,Der Brief des Anwaltes des Diebes hatten die Zeugen erschreckt.
agree-gen,2 d,Der Brief der Anwälte des Diebes hatten die Zeugen erschreckt.
agree-gen,3 a,Das Getränk des Kindes des Zahnarztes hat nicht gut geschmeckt.
agree-gen,3 b,Das Getränk der Kinder des Zahnarztes hat nicht gut geschmeckt.
agree-gen,3 c,Das Getränk des Kindes des Zahnarztes haben nicht gut geschmeckt.
agree-gen,3 d,Das Getränk der Kinder des Zahnarztes haben nicht gut geschmeckt.
agree-gen,4 a,Der Preis des Schatzes des Museums war niedriger als er dachte.
agree-gen,4 b,Der Preis der Schätze des Museums war niedriger als er dachte.
agree-gen,4 c,Der Preis des Schatzes des Museums waren niedriger als er dachte.
agree-gen,4 d,Der Preis der Schätze des Museums waren niedriger als er dachte.
agree-gen,5 a,Das Ende des Kabels des Telefons war nicht richtig isoliert.
agree-gen,5 b,Das Ende der Kabel des Telefons war nicht richtig isoliert.
agree-gen,5 c,Das Ende des Kabels des Telefons waren nicht richtig isoliert.
agree-gen,5 d,Das Ende der Kabel des Telefons waren nicht richtig isoliert.
agree-gen,6 a,Der Erfolg des Films des Regisseurs wurde richtig groß gefeiert.
agree-gen,6 b,Der Erfolg der Filme des Regisseurs wurde richtig groß gefeiert.
agree-gen,6 c,Der Erfolg des Films des Regisseurs wurden richtig groß gefeiert.
agree-gen,6 d,Der Erfolg der Filme des Regisseurs wurden richtig groß gefeiert.
agree-gen,7 a,Der Stall des Schlosses des Königs hatte sehr schnelle Pferde.
agree-gen,7 b,Der Stall der Schlösser des Königs hatte sehr schnelle Pferde.
agree-gen,7 c,Der Stall des Schlosses des Königs hatten sehr schnelle Pferde.
agree-gen,7 d,Der Stall der Schlösser des Königs hatten sehr schnelle Pferde.
agree-gen,8 a,Das Geräusch des Schlagzeugs des Sohnes war viel zu laut.
agree-gen,8 b,Das Geräusch der Schlagzeuge des Sohnes war viel zu laut.
agree-gen,8 c,Das Geräusch des Schlagzeugs des Sohnes waren viel zu laut.
agree-gen,8 d,Das Geräusch der Schlagzeuge des Sohnes waren viel zu laut.
agree-gen,9 a,Der Zaun des Gartens des Hauses musste wieder gestrichen werden.
agree-gen,9 b,Der Zaun der Gärten des Hauses musste wieder gestrichen werden.
agree-gen,9 c,Der Zaun des Gartens des Hauses mussten wieder gestrichen werden.
agree-gen,9 d,Der Zaun der Gärten des Hauses mussten wieder gestrichen werden.
agree-gen,10 a,Das Layout des Buches des Autors hatte die Leser beeindruckt.
agree-gen,10 b,Das Layout der Bücher des Autors hatte die Leser beeindruckt.
agree-gen,10 c,Das Layout des Buches des Autors hatten die Leser beeindruckt.
agree-gen,10 d,Das Layout der Bücher des Autors hatten die Leser beeindruckt.
agree-gen,11 a,Das Notizbuch des Enkels des Professors wurde zum Glück wieder gefunden.
agree-gen,11 b,Das Notizbuch der Enkel des Professors wurde zum Glück wieder gefunden.
agree-gen,11 c,Das Notizbuch des Enkels des Professors wurden zum Glück wieder gefunden.
agree-gen,11 d,Das Notizbuch der Enkel des Professors wurden zum Glück wieder gefunden.
agree-gen,12 a,Das Bild des Segelboots des Kapitäns wurde von allen bewundert.
agree-gen,12 b,Das Bild der Segelboote des Kapitäns wurde von allen bewundert.
agree-gen,12 c,Das Bild des Segelboots des Kapitäns wurden von allen bewundert.
agree-gen,12 d,Das Bild der Segelboote des Kapitäns wurden von allen bewundert.
agree-gen,13 a,Das U-Boot des Feindes des Staates hat die Flotte versenkt.
agree-gen,13 b,Das U-Boot der Feinde des Staates hat die Flotte versenkt.
agree-gen,13 c,Das U-Boot des Feindes des Staates haben die Flotte versenkt.
agree-gen,13 d,Das U-Boot der Feinde des Staates haben die Flotte versenkt.
agree-gen,14 a,Der Goldfisch des Sohnes des Freundes hatte sehr schöne Farben.
agree-gen,14 b,Der Goldfisch der Söhne des Freundes hatte sehr schöne Farben.
agree-gen,14 c,Der Goldfisch des Sohnes des Freundes hatten sehr schöne Farben.
agree-gen,14 d,Der Goldfisch der Söhne des Freundes hatten sehr schöne Farben.
agree-gen,15 a,Der Schrank des Apothekers des Dorfes ist deswegen leer geblieben.
agree-gen,15 b,Der Schrank der Apotheker des Dorfes ist deswegen leer geblieben.
agree-gen,15 c,Der Schrank des Apothekers des Dorfes sind deswegen leer geblieben.
agree-gen,15 d,Der Schrank der Apotheker des Dorfes sind deswegen leer geblieben.
agree-gen,16 a,Der Wert des Gemäldes des Künstlers hatte sich schnell verringert.
agree-gen,16 b,Der Wert der Gemälde des Künstlers hatte sich schnell verringert.
agree-gen,16 c,Der Wert des Gemäldes des Künstlers hatten sich schnell verringert.
agree-gen,16 d,Der Wert der Gemälde des Künstlers hatten sich schnell verringert.
agree-gen,17 a,Der Gewinn des Unternehmens des Millionärs hat sich in den letzten Monaten vermehrt.
agree-gen,17 b,Der Gewinn der Unternehmen des Millionärs hat sich in den letzten Monaten vermehrt.
agree-gen,17 c,Der Gewinn des Unternehmens des Millionärs haben sich in den letzten Monaten vermehrt.
agree-gen,17 d,Der Gewinn der Unternehmen des Millionärs haben sich in den letzten Monaten vermehrt.
agree-gen,18 a,Der Fressnapf des Hundes des Doktors wurde nur selten gefüllt.
agree-gen,18 b,Der Fressnapf der Hunde des Doktors wurde nur selten gefüllt.
agree-gen,18 c,Der Fressnapf des Hundes des Doktors wurden nur selten gefüllt.
agree-gen,18 d,Der Fressnapf der Hunde des Doktors wurden nur selten gefüllt.
agree-gen,19 a,Der Parkplatz des Theaters des Landkreises war immer ziemlich voll.
agree-gen,19 b,Der Parkplatz der Theater des Landkreises war immer ziemlich voll.
agree-gen,19 c,Der Parkplatz des Theaters des Landkreises waren immer ziemlich voll.
agree-gen,19 d,Der Parkplatz der Theater des Landkreises waren immer ziemlich voll.
agree-gen,20 a,Das Leid des Opfers des Krieges hat die Besucher tief bewegt.
agree-gen,20 b,Das Leid der Opfer des Krieges hat die Besucher tief bewegt.
agree-gen,20 c,Das Leid des Opfers des Krieges haben die Besucher tief bewegt.
agree-gen,20 d,Das Leid der Opfer des Krieges haben die Besucher tief bewegt.
agree-gen,21 a,Das Material des Schuhs des Geschäftsmannes war nicht gerade wasserfest.
agree-gen,21 b,Das Material der Schuhe des Geschäftsmannes war nicht gerade wasserfest.
agree-gen,21 c,Das Material des Schuhs des Geschäftsmannes waren nicht gerade wasserfest.
agree-gen,21 d,Das Material der Schuhe des Geschäftsmannes waren nicht gerade wasserfest.
agree-gen,22 a,Der Geruch des Stalls des Landwirts hat die Gäste sehr gestört.
agree-gen,22 b,Der Geruch der Ställe des Landwirts hat die Gäste sehr gestört.
agree-gen,22 c,Der Geruch des Stalls des Landwirts haben die Gäste sehr gestört.
agree-gen,22 d,Der Geruch der Ställe des Landwirts haben die Gäste sehr gestört.
agree-gen,23 a,Der Streik des Arbeiters des Betriebs hatte die Finanzen getroffen.
agree-gen,23 b,Der Streik der Arbeiter des Betriebs hatte die Finanzen getroffen.
agree-gen,23 c,Der Streik des Arbeiters des Betriebs hatten die Finanzen getroffen.
agree-gen,23 d,Der Streik der Arbeiter des Betriebs hatten die Finanzen getroffen.
agree-gen,24 a,Der Fleck im Hemd des Direktors war sehr schwer zu entfernen.
agree-gen,24 b,Der Fleck in den Hemden des Direktors war sehr schwer zu entfernen.
agree-gen,24 c,Der Fleck im Hemd des Direktors waren sehr schwer zu entfernen.
agree-gen,24 d,Der Fleck in den Hemden des Direktors waren sehr schwer zu entfernen.
agree-gen,25 a,Das Gewehr auf dem Tisch des Generals war noch nicht geladen.
agree-gen,25 b,Das Gewehr auf den Tischen des Generals war noch nicht geladen.
agree-gen,25 c,Das Gewehr auf dem Tisch des Generals waren noch nicht geladen.
agree-gen,25 d,Das Gewehr auf den Tischen des Generals waren noch nicht geladen.
agree-gen,26 a,Das Haustier im Hof des Tierarztes schien sehr krank zu sein.
agree-gen,26 b,Das Haustier in den Höfen des Tierarztes schien sehr krank zu sein.
agree-gen,26 c,Das Haustier im Hof des Tierarztes schienen sehr krank zu sein.
agree-gen,26 d,Das Haustier in den Höfen des Tierarztes schienen sehr krank zu sein.
agree-gen,27 a,Der Fluss durch den Park des Herzogs hat den Besuchern am besten gefallen.
agree-gen,27 b,Der Fluss durch die Parks des Herzogs hat den Besuchern am besten gefallen.
agree-gen,27 c,Der Fluss durch den Park des Herzogs haben den Besuchern am besten gefallen.
agree-gen,27 d,Der Fluss durch die Parks des Herzogs haben den Besuchern am besten gefallen.
agree-gen,28 a,Der Anschlag auf den Stützpunkt des Offiziers hat trotzdem alle überrascht.
agree-gen,28 b,Der Anschlag auf die Stützpunkte des Offiziers hat trotzdem alle überrascht.
agree-gen,28 c,Der Anschlag auf den Stützpunkt des Offiziers haben trotzdem alle überrascht.
agree-gen,28 d,Der Anschlag auf die Stützpunkte des Offiziers haben trotzdem alle überrascht.
agree-gen,29 a,Der Junge mit dem Auto des Feuerwehrmannes ist gegen einen Baum gekracht.
agree-gen,29 b,Der Junge mit den Autos des Feuerwehrmannes ist gegen einen Baum gekracht.
agree-gen,29 c,Der Junge mit dem Auto des Feuerwehrmannes sind gegen einen Baum gekracht.
agree-gen,29 d,Der Junge mit den Autos des Feuerwehrmannes sind gegen einen Baum gekracht.
agree-gen,30 a,Der Schmetterling neben dem Baum des Kindergartens hat die ganze Klasse überrascht.
agree-gen,30 b,Der Schmetterling neben den Bäumen des Kindergartens hat die ganze Klasse überrascht.
agree-gen,30 c,Der Schmetterling neben dem Baum des Kindergartens haben die ganze Klasse überrascht.
agree-gen,30 d,Der Schmetterling neben den Bäumen des Kindergartens haben die ganze Klasse überrascht.
agree-gen,31 a,Der Regenschirm neben dem Telefon des Lehrlings hatte das Holz nass gemacht.
agree-gen,31 b,Der Regenschirm neben den Telefonen des Lehrlings hatte das Holz nass gemacht.
agree-gen,31 c,Der Regenschirm neben dem Telefon des Lehrlings hatten das Holz nass gemacht.
agree-gen,31 d,Der Regenschirm neben den Telefonen des Lehrlings hatten das Holz nass gemacht.
agree-gen,32 a,Der Protest gegen das Urteil des Gerichts wurde im Fernsehen übertragen.
agree-gen,32 b,Der Protest gegen die Urteile des Gerichts wurde im Fernsehen übertragen.
agree-gen,32 c,Der Protest gegen das Urteil des Gerichts wurden im Fernsehen übertragen.
agree-gen,32 d,Der Protest gegen die Urteile des Gerichts wurden im Fernsehen übertragen.
agree-gen,33 a,Der Prinz auf dem Fest des Staatsoberhauptes wurde ständig von Paparazzi fotografiert.
agree-gen,33 b,Der Prinz auf den Festen des Staatsoberhauptes wurde ständig von Paparazzi fotografiert.
agree-gen,33 c,Der Prinz auf dem Fest des Staatsoberhauptes wurden ständig von Paparazzi fotografiert.
agree-gen,33 d,Der Prinz auf den Festen des Staatsoberhauptes wurden ständig von Paparazzi fotografiert.
agree-gen,34 a,Der Betrag auf dem Konto des Investors wurde in die Schweiz überwiesen.
agree-gen,34 b,Der Betrag auf den Konten des Investors wurde in die Schweiz überwiesen.
agree-gen,34 c,Der Betrag auf dem Konto des Investors wurden in die Schweiz überwiesen.
agree-gen,34 d,Der Betrag auf den Konten des Investors wurden in die Schweiz überwiesen.
agree-gen,35 a,Der Angestellte neben dem Eingang des Geschäfts hat die Tür geöffnet.
agree-gen,35 b,Der Angestellte neben den Eingängen des Geschäfts hat die Tür geöffnet.
agree-gen,35 c,Der Angestellte neben dem Eingang des Geschäfts haben die Tür geöffnet.
agree-gen,35 d,Der Angestellte neben den Eingängen des Geschäfts haben die Tür geöffnet.
agree-gen,36 a,Der Virus im Blog des Administrators hatte viele Computer infiziert.
agree-gen,36 b,Der Virus in den Blogs des Administrators hatte viele Computer infiziert.
agree-gen,36 c,Der Virus im Blog des Administrators hatten viele Computer infiziert.
agree-gen,36 d,Der Virus in den Blogs des Administrators hatten viele Computer infiziert.
agree-gen,37 a,Der Polizist vor dem Motorrad des Diebes wurde bei der Verfolgung verwundet.
agree-gen,37 b,Der Polizist vor den Motorrädern des Diebes wurde bei der Verfolgung verwundet.
agree-gen,37 c,Der Polizist vor dem Motorrad des Diebes wurden bei der Verfolgung verwundet.
agree-gen,37 d,Der Polizist vor den Motorrädern des Diebes wurden bei der Verfolgung verwundet.
agree-gen,38 a,Das Dessert im Menü des Kochs hatte mehrere Preise gewonnen.
agree-gen,38 b,Das Dessert in den Menüs des Kochs hatte mehrere Preise gewonnen.
agree-gen,38 c,Das Dessert im Menü des Kochs hatten mehrere Preise gewonnen.
agree-gen,38 d,Das Dessert in den Menüs des Kochs hatten mehrere Preise gewonnen.
agree-gen,39 a,Der Pfirsich im Regal des Supermarkts hat sehr appetitlich ausgesehen.
agree-gen,39 b,Der Pfirsich in den Regalen des Supermarkts hat sehr appetitlich ausgesehen.
agree-gen,39 c,Der Pfirsich im Regal des Supermarkts haben sehr appetitlich ausgesehen.
agree-gen,39 d,Der Pfirsich in den Regalen des Supermarkts haben sehr appetitlich ausgesehen.
agree-gen,40 a,Der Busch auf dem Parkplatz des Einkaufszentrums hat die Sicht behindert.
agree-gen,40 b,Der Busch auf den Parkplätzen des Einkaufszentrums hat die Sicht behindert.
agree-gen,40 c,Der Busch auf dem Parkplatz des Einkaufszentrums haben die Sicht behindert.
agree-gen,40 d,Der Busch auf den Parkplätzen des Einkaufszentrums haben die Sicht behindert.
agree-gen,41 a,Der Stift neben dem Brief des Pastors hatte aber keine Tinte mehr.
agree-gen,41 b,Der Stift neben den Briefen des Pastors hatte aber keine Tinte mehr.
agree-gen,41 c,Der Stift neben dem Brief des Pastors hatten aber keine Tinte mehr.
agree-gen,41 d,Der Stift neben den Briefen des Pastors hatten aber keine Tinte mehr.
agree-gen,42 a,Der Angriff mit dem Panzer des Heeres hat viele Zivilisten getötet.
agree-gen,42 b,Der Angriff mit den Panzern des Heeres hat viele Zivilisten getötet.
agree-gen,42 c,Der Angriff mit dem Panzer des Heeres haben viele Zivilisten getötet.
agree-gen,42 d,Der Angriff mit den Panzern des Heeres haben viele Zivilisten getötet.
agree-gen,43 a,Der Höhepunkt in der Dokumentation des Aufstandes war richtig gut gefilmt.
agree-gen,43 b,Der Höhepunkt in den Dokumentationen des Aufstandes war richtig gut gefilmt.
agree-gen,43 c,Der Höhepunkt in der Dokumentation des Aufstandes waren richtig gut gefilmt.
agree-gen,43 d,Der Höhepunkt in den Dokumentationen des Aufstandes waren richtig gut gefilmt.
agree-gen,44 a,Das Rezept für das Brot des Mädchens war viel zu kompliziert.
agree-gen,44 b,Das Rezept für die Brote des Mädchens war viel zu kompliziert.
agree-gen,44 c,Das Rezept für das Brot des Mädchens waren viel zu kompliziert.
agree-gen,44 d,Das Rezept für die Brote des Mädchens waren viel zu kompliziert.
agree-gen,45 a,Der Brand im Wald des Bundesstaates hatte große Schäden verursacht.
agree-gen,45 b,Der Brand in den Wäldern des Bundesstaates hatte große Schäden verursacht.
agree-gen,45 c,Der Brand im Wald des Bundesstaates hatten große Schäden verursacht.
agree-gen,45 d,Der Brand in den Wäldern des Bundesstaates hatten große Schäden verursacht.
agree-gen,46 a,Der Patient neben dem Büro des Oberarztes musste mehrere Stunden warten.
agree-gen,46 b,Der Patient neben den Büros des Oberarztes musste mehrere Stunden warten.
agree-gen,46 c,Der Patient neben dem Büro des Oberarztes mussten mehrere Stunden warten.
agree-gen,46 d,Der Patient neben den Büros des Oberarztes mussten mehrere Stunden warten.
agree-gen,47 a,Das Telegramm für den Freund des Bischofs ist deswegen zu spät angekommen.
agree-gen,47 b,Das Telegramm für die Freunde des Bischofs ist deswegen zu spät angekommen.
agree-gen,47 c,Das Telegramm für den Freund des Bischofs sind deswegen zu spät angekommen.
agree-gen,47 d,Das Telegramm für die Freunde des Bischofs sind deswegen zu spät angekommen.
agree-gen,48 a,Der Papierkorb neben dem Schreibtisch des Anwalts wurde fast nie geleert.
agree-gen,48 b,Der Papierkorb neben den Schreibtischen des Anwalts wurde fast nie geleert.
agree-gen,48 c,Der Papierkorb neben dem Schreibtisch des Anwalts wurden fast nie geleert.
agree-gen,48 d,Der Papierkorb neben den Schreibtischen des Anwalts wurden fast nie geleert.
Filler ,1,Die Studenten aus verschiedenen Fakultäten bereiteten sich konzentriert auf die morgige Prüfung vor.
Filler ,2,Der Pianist der Philharmonie spielte mehrere klassische Stücke von Mozart und Beethoven.
Filler ,3,Die Chirurgin mit den besten Referenzen operierte täglich bis zu fünf Patienten.
Filler ,4,Die Techniker der Beleuchtungsfirma reparierten schnell alle defekten Scheinwerfer.
Filler ,5,Der Onkel des Geburtstagskindes brachte seinen berühmten Apfelkuchen mit zur Feier.
Filler ,6,Die Managerin der Marketing-Abteilung präsentierte überzeugende Argumente für die Kampagne.
Filler ,7,Die Passagiere am Hauptbahnhof warteten ungeduldig auf aktuelle Informationen vom Personal.
Filler ,8,Der Biologe des Instituts erklärte ausführlich die verschiedenen Pflanzenarten den Besuchern.
Filler ,9,Die Schauspielerin aus Frankreich gewann überraschend den Hauptpreis für ihre Leistung.
Filler ,10,Die Mechaniker am Stadtrand reparierten gleichzeitig drei verschiedene Fahrzeuge unter Zeitdruck.
Filler ,11,Die Skulptur in der Mitte des großen Saales beeindruckte alle Kunstliebhaber.
Filler ,12,Die Fenster der Vorderseite des alten Gebäudes waren beschädigt.
Filler ,13,Die Dekoration für den Geburtstag der Tochter kostete mehr als erwartet.
Filler ,14,Die Teilnehmer aus der Hauptstadt des Nachbarlandes protestierten lautstark gegen diese Entscheidung.
Filler ,15,Die Vorschriften bezüglich der Nutzung des Schulhofs verwirrten manche Schüler.
Filler ,16,Die Rosen entlang des Weges zum Gartenhaus dufteten besonders intensiv.
Filler ,17,Die Vorträge während des ersten Tages der Veranstaltung dauerten jeweils nur zwanzig Minuten.
Filler ,18,Die Stände rund um den Brunnen des Marktplatzes verkauften frisches Obst.
Filler ,19,Die Gemälde aus der Sammlung des verstorbenen Künstlers zogen viele Besucher an.
Filler ,20,Die Brücken über den Fluss durch die Altstadt wurden grundlegend saniert.
Filler ,21,Die Athletin erreichte gestern Abend endlich ihr langgehegtes Ziel und gewann die Goldmedaille.
Filler ,22,Viele Familien nutzten das sonnige Wochenende für einen Ausflug ins Grüne.
Filler ,23,Seine Forschungsergebnisse wurden in mehreren internationalen Fachzeitschriften veröffentlicht.
Filler ,24,Im Zoo beobachteten sie stundenlang die exotischen Tiere aus Afrika und Asien.
Filler ,25,Schon um fünf Uhr morgens duftete es nach frischen Brötchen in der ganzen Straße.
Filler ,26,Wegen der lauten Musik beschwerten sich mehrere Anwohner beim Hausmeister.
Filler ,27,Trotz der niedrigen Temperaturen gingen viele Leute regelmäßig spazieren im Park.
Filler ,28,Nach mehreren Vorstellungsgesprächen stellte der Chef drei qualifizierte Bewerber ein.
Filler ,29,Seine kreativen Gerichte lockten bald zahlreiche Gäste aus der ganzen Region an.
Filler ,30,Neben Büchern konnten die Mitglieder jetzt auch Filme und Zeitschriften ausleihen.
Filler ,31,"Die Richterin, die der Anwalt angriff, ignorierte ihn völlig."
Filler ,32,"Den Gast, den der Nachbar rief, hörte niemand."
Filler ,33,"Das Kind, das die Mutter suchte, fand den Weg allein."
Filler ,34,"Der Lehrer, den der Schüler fragte, antwortete nicht sofort."
Filler ,35,"Die Katze, die der Hund jagte, kletterte schnell auf den Baum."
Filler ,36,"Die Chefin besuchte den Mitarbeiter, den Kollege Meier lobte."
Filler ,37,"Das Auto, das der LKW rammte, hatte einen großen Schaden."
Filler ,38,"Der Teller, den das Kind fallen ließ, zerbrach in tausend Stücke."
Filler ,39,"Die Frau, die der Mann beleidigte, verließ wütend den Raum."
Filler ,40,"Den Ball, den der Stürmer schoss, hielt der Torwart sicher."
Filler ,41,"Die Autorin, die der Kritiker lobte, schrieb bereits an einer Fortsetzung."
Filler ,42,"Den Schauspieler, den der Regisseur auswählte, mochten die Zuschauer nicht."
Filler ,43,"Die Studentin, die der Professor prüfte, bestand mit Auszeichnung."
Filler ,44,"Das Programm, das der Entwickler schrieb, enthielt einen kritischen Fehler."
Filler ,45,"Den Löffel, den der Kellner brachte, benutzte der Gast sofort."
Filler ,46,"Die Jacke, die der Freund lieh, wärmte ihn gut."
Filler ,47,"Das Hotel, das die Familie buchte, lag direkt am Strand."
Filler ,48,"Den Sänger, den die Fans feierten, verstand man kaum."
Filler ,49,"Der Fahrer, den die Polizei stoppte, war zu schnell gefahren."
Filler ,50,"Den Stand, den die Firma aufbaute, besuchten viele Interessenten."
Filler ,51,"Die Nachricht, die der Bote überbrachte, war nicht mehr aktuell."
Filler ,52,"Die Fenster, die der Sturm öffnete, klapperten laut."
Filler ,53,"Die Tasse, die die Kellnerin servierte, war randvoll."
Filler ,54,"Die Sonne, die die Wolken durchbrach, wärmte die Erde."
Filler ,55,"Das Schloss, das der Architekt entwarf, überragte die ganze Stadt."
Filler ,56,"Die Maus, die die Katze fing, entkam in letzter Sekunde."
Filler ,57,"Die Aufgabe, die der Schüler löste, war sehr kompliziert."
Filler ,58,"Der Gärtner, den die Nachbarin grüßte, arbeitete fleißig."
Filler ,59,"Die Flasche, die der Sammler kaufte, war sehr wertvoll."
Filler ,60,"Die Gäste, die der Gastgeber verabschiedete, wirkten sehr zufrieden."
Filler ,61,"Der Hahn, den der Bauer fütterte, krähte laut."
Filler ,62,"Der Bergsteiger, den der Führer warnte, rutschte aus."
Filler ,63,"Der Stern, den das Kind sah, leuchtete hell."
Filler ,64,Die Akten auf dem Schreibtisch lagen verstreut herum.
Filler ,65,Die Kisten mit den alten Büchern rochen sehr muffig.
Filler ,66,Der Mann mit den zwei Hunden ging langsam spazieren.
Filler ,67,Die Bretter aus massivem Eichenholz hielten das Gewicht sicher.
Filler ,68,Die Wolke neben den Berggipfeln sah aus wie ein Tier.
Filler ,69,Der Kühlschrank mit den zwei Türen verbrauchte viel Strom.
Filler ,70,Die Vögel auf den hohen Bäumen sangen ein fröhliches Lied.
Filler ,71,Das Bild mit den goldenen Rahmen hing schief an der Wand.
Filler ,72,Die Kinder mit dem bunten Ball spielten im Wasser.
Filler ,73,Das Buch über die römischen Kaiser stand im obersten Regal.
Filler ,74,Der Bus mit den vielen Touristen hielt an der Ampel.
Filler ,75,Die Blumen zwischen dem hohen Gras blühten in vielen Farben.
Filler ,76,Der Sessel mit den weichen Kissen stand vor dem Kamin.
Filler ,77,Der Teppich mit den orientalischen Mustern dämpfte die Schritte.
Filler ,78,Der Schüler mit den roten Haaren lachte über einen Witz.
Filler ,79,Die Schiffe aus fernen Ländern lagen vor Anker.
Filler ,80,Der Kuchen mit den frischen Erdbeeren sah köstlich aus.
Filler ,81,Die Bank unter den alten Eichen lud zum Ausruhen ein.
Filler ,82,Der Stoff aus feiner italienischer Seide fühlte sich gut an.
Filler ,83,Der Bildschirm mit der hohen Auflösung zeigte klare Bilder.
Filler ,84,Das Werkzeug in den roten Kästen war gut sortiert.
Filler ,85,Die Stühle in den hinteren Reihen waren noch frei.
Filler ,86,Der Baum mit den süßen Kirschen trug viele Früchte.
Filler ,87,Die Lehrer im Lehrerzimmer tranken entspannt Kaffee.
Filler ,88,Die Kisten mit dem restlichen Gemüse wurden eingeladen.
Filler ,89,Die Lampe über dem großen Esstisch leuchtete hell.
Filler ,90,Das Boot mit den zwei Rudern trieb auf dem Wasser.
Filler ,91,Die Gläser auf dem kleinen Tisch waren alle leer.
Filler ,92,Das Schild an der Eingangstür informierte über die Öffnungszeiten.
Filler ,93,Der Wind von den verschneiten Bergen blies kalt.
Filler ,94,Die Kleider auf den Bügeln hingen ordentlich nebeneinander.
Filler ,95,Die Gewürze aus dem fernen Osten gaben ihr eine besondere Note.
Filler ,96,Die Szene mit den schnellen Autos war sehr actionreich.